eTrappedCharge(C1(n67349_0s_des)) X,eTrappedCharge(C1(n67349_0s_des)) Y,eTrappedCharge(C1(n67349_1e-1s_des)) X,eTrappedCharge(C1(n67349_1e-1s_des)) Y,eTrappedCharge(C1(n67349_1e-2s_des)) X,eTrappedCharge(C1(n67349_1e-2s_des)) Y,eTrappedCharge(C1(n67349_1e-3s_des)) X,eTrappedCharge(C1(n67349_1e-3s_des)) Y,eTrappedCharge(C1(n67349_1e-4s_des)) X,eTrappedCharge(C1(n67349_1e-4s_des)) Y,eTrappedCharge(C1(n67349_1e-5s_des)) X,eTrappedCharge(C1(n67349_1e-5s_des)) Y,eTrappedCharge(C1(n67349_1e-6s_des)) X,eTrappedCharge(C1(n67349_1e-6s_des)) Y,eTrappedCharge(C1(n67349_1e-7s_des)) X,eTrappedCharge(C1(n67349_1e-7s_des)) Y,eTrappedCharge(C1(n67349_1e-8s_des)) X,eTrappedCharge(C1(n67349_1e-8s_des)) Y,eTrappedCharge(C1(n67349_1s_des)) X,eTrappedCharge(C1(n67349_1s_des)) Y,eTrappedCharge(C1(n67349_2e-1s_des)) X,eTrappedCharge(C1(n67349_2e-1s_des)) Y,eTrappedCharge(C1(n67349_2s_des)) X,eTrappedCharge(C1(n67349_2s_des)) Y,eTrappedCharge(C1(n67349_4s_des)) X,eTrappedCharge(C1(n67349_4s_des)) Y,eTrappedCharge(C1(n67349_5e-1s_des)) X,eTrappedCharge(C1(n67349_5e-1s_des)) Y,eTrappedCharge(C1(n67349_8s_des)) X,eTrappedCharge(C1(n67349_8s_des)) Y,eTrappedCharge(C1(n67349_16s_des)) X,eTrappedCharge(C1(n67349_16s_des)) Y,eTrappedCharge(C1(n67349_32s_des)) X,eTrappedCharge(C1(n67349_32s_des)) Y,eTrappedCharge(C1(n67349_64s_des)) X,eTrappedCharge(C1(n67349_64s_des)) Y,eTrappedCharge(C1(n67349_128s_des)) X,eTrappedCharge(C1(n67349_128s_des)) Y,eTrappedCharge(C1(n67349_256s_des)) X,eTrappedCharge(C1(n67349_256s_des)) Y,eTrappedCharge(C1(n67349_512s_des)) X,eTrappedCharge(C1(n67349_512s_des)) Y,eTrappedCharge(C1(n67349_1024s_des)) X,eTrappedCharge(C1(n67349_1024s_des)) Y,eTrappedCharge(C1(n67349_2048s_des)) X,eTrappedCharge(C1(n67349_2048s_des)) Y,eTrappedCharge(C1(n67349_4096s_des)) X,eTrappedCharge(C1(n67349_4096s_des)) Y,eTrappedCharge(C1(n67349_8192s_des)) X,eTrappedCharge(C1(n67349_8192s_des)) Y,eTrappedCharge(C1(n67349_16384s_des)) X,eTrappedCharge(C1(n67349_16384s_des)) Y,eTrappedCharge(C1(n67349_32768s_des)) X,eTrappedCharge(C1(n67349_32768s_des)) Y,eTrappedCharge(C1(n67349_65536s_des)) X,eTrappedCharge(C1(n67349_65536s_des)) Y,eTrappedCharge(C1(n67349_131072s_des)) X,eTrappedCharge(C1(n67349_131072s_des)) Y,eTrappedCharge(C1(n67349_262144s_des)) X,eTrappedCharge(C1(n67349_262144s_des)) Y,eTrappedCharge(C1(n67349_524288s_des)) X,eTrappedCharge(C1(n67349_524288s_des)) Y,eTrappedCharge(C1(n67349_1048576s_des)) X,eTrappedCharge(C1(n67349_1048576s_des)) Y,eTrappedCharge(C1(n67349_2097152s_des)) X,eTrappedCharge(C1(n67349_2097152s_des)) Y,eTrappedCharge(C1(n67349_4194304s_des)) X,eTrappedCharge(C1(n67349_4194304s_des)) Y,eTrappedCharge(C1(n67349_8388608s_des)) X,eTrappedCharge(C1(n67349_8388608s_des)) Y,eTrappedCharge(C1(n67349_16777216s_des)) X,eTrappedCharge(C1(n67349_16777216s_des)) Y,eTrappedCharge(C1(n67349_33554432s_des)) X,eTrappedCharge(C1(n67349_33554432s_des)) Y,eTrappedCharge(C1(n67349_67108864s_des)) X,eTrappedCharge(C1(n67349_67108864s_des)) Y,eTrappedCharge(C1(n67349_134217728s_des)) X,eTrappedCharge(C1(n67349_134217728s_des)) Y,eTrappedCharge(C1(n67349_268435456s_des)) X,eTrappedCharge(C1(n67349_268435456s_des)) Y,eTrappedCharge(C1(n67349_536870912s_des)) X,eTrappedCharge(C1(n67349_536870912s_des)) Y,eTrappedCharge(C1(n67349_1073741824s_des)) X,eTrappedCharge(C1(n67349_1073741824s_des)) Y
0,0,0,0,0,0,0,0,0,0,0,0,0,0,0,0,0,0,0,0,0,0,0,0,0,0,0,0,0,0,0,0,0,0,0,0,0,0,0,0,0,0,0,0,0,0,0,0,0,0,0,0,0,0,0,0,0,0,0,0,0,0,0,0,0,0,0,0,0,0,0,0,0,0,0,0,0,0,0,0,0,0,0,0
0.0099999998,0,0.0099999998,0,0.0099999998,0,0.0099999998,0,0.0099999998,0,0.0099999998,0,0.0099999998,0,0.0099999998,0,0.0099999998,0,0.0099999998,0,0.0099999998,0,0.0099999998,0,0.0099999998,0,0.0099999998,0,0.0099999998,0,0.0099999998,0,0.0099999998,0,0.0099999998,0,0.0099999998,0,0.0099999998,0,0.0099999998,0,0.0099999998,0,0.0099999998,0,0.0099999998,0,0.0099999998,0,0.0099999998,0,0.0099999998,0,0.0099999998,0,0.0099999998,0,0.0099999998,0,0.0099999998,0,0.0099999998,0,0.0099999998,0,0.0099999998,0,0.0099999998,0,0.0099999998,0,0.0099999998,0,0.0099999998,0,0.0099999998,0,0.0099999998,0,0.0099999998,0,0.0099999998,0
0.015,0,0.015,0,0.015,0,0.015,0,0.015,0,0.015,0,0.015,0,0.015,0,0.015,0,0.015,0,0.015,0,0.015,0,0.015,0,0.015,0,0.015,0,0.015,0,0.015,0,0.015,0,0.015,0,0.015,0,0.015,0,0.015,0,0.015,0,0.015,0,0.015,0,0.015,0,0.015,0,0.015,0,0.015,0,0.015,0,0.015,0,0.015,0,0.015,0,0.015,0,0.015,0,0.015,0,0.015,0,0.015,0,0.015,0,0.015,0,0.015,0,0.015,0
0.0175,0,0.0175,0,0.0175,0,0.0175,0,0.0175,0,0.0175,0,0.0175,0,0.0175,0,0.0175,0,0.0175,0,0.0175,0,0.0175,0,0.0175,0,0.0175,0,0.0175,0,0.0175,0,0.0175,0,0.0175,0,0.0175,0,0.0175,0,0.0175,0,0.0175,0,0.0175,0,0.0175,0,0.0175,0,0.0175,0,0.0175,0,0.0175,0,0.0175,0,0.0175,0,0.0175,0,0.0175,0,0.0175,0,0.0175,0,0.0175,0,0.0175,0,0.0175,0,0.0175,0,0.0175,0,0.0175,0,0.0175,0,0.0175,0
0.02,0,0.02,0,0.02,0,0.02,0,0.02,0,0.02,0,0.02,0,0.02,0,0.02,0,0.02,0,0.02,0,0.02,0,0.02,0,0.02,0,0.02,0,0.02,0,0.02,0,0.02,0,0.02,0,0.02,0,0.02,0,0.02,0,0.02,0,0.02,0,0.02,0,0.02,0,0.02,0,0.02,0,0.02,0,0.02,0,0.02,0,0.02,0,0.02,0,0.02,0,0.02,0,0.02,0,0.02,0,0.02,0,0.02,0,0.02,0,0.02,0,0.02,0
0.02,0,0.02,0,0.02,0,0.02,0,0.02,0,0.02,0,0.02,0,0.02,0,0.02,0,0.02,0,0.02,0,0.02,0,0.02,0,0.02,0,0.02,0,0.02,0,0.02,0,0.02,0,0.02,0,0.02,0,0.02,0,0.02,0,0.02,0,0.02,0,0.02,0,0.02,0,0.02,0,0.02,0,0.02,0,0.02,0,0.02,0,0.02,0,0.02,0,0.02,0,0.02,0,0.02,0,0.02,0,0.02,0,0.02,0,0.02,0,0.02,0,0.02,0
0.022,0,0.022,0,0.022,0,0.022,0,0.022,0,0.022,0,0.022,0,0.022,0,0.022,0,0.022,0,0.022,0,0.022,0,0.022,0,0.022,0,0.022,0,0.022,0,0.022,0,0.022,0,0.022,0,0.022,0,0.022,0,0.022,0,0.022,0,0.022,0,0.022,0,0.022,0,0.022,0,0.022,0,0.022,0,0.022,0,0.022,0,0.022,0,0.022,0,0.022,0,0.022,0,0.022,0,0.022,0,0.022,0,0.022,0,0.022,0,0.022,0,0.022,0
0.024,0,0.024,0,0.024,0,0.024,0,0.024,0,0.024,0,0.024,0,0.024,0,0.024,0,0.024,0,0.024,0,0.024,0,0.024,0,0.024,0,0.024,0,0.024,0,0.024,0,0.024,0,0.024,0,0.024,0,0.024,0,0.024,0,0.024,0,0.024,0,0.024,0,0.024,0,0.024,0,0.024,0,0.024,0,0.024,0,0.024,0,0.024,0,0.024,0,0.024,0,0.024,0,0.024,0,0.024,0,0.024,0,0.024,0,0.024,0,0.024,0,0.024,0
0.026000001,0,0.026000001,0,0.026000001,0,0.026000001,0,0.026000001,0,0.026000001,0,0.026000001,0,0.026000001,0,0.026000001,0,0.026000001,0,0.026000001,0,0.026000001,0,0.026000001,0,0.026000001,0,0.026000001,0,0.026000001,0,0.026000001,0,0.026000001,0,0.026000001,0,0.026000001,0,0.026000001,0,0.026000001,0,0.026000001,0,0.026000001,0,0.026000001,0,0.026000001,0,0.026000001,0,0.026000001,0,0.026000001,0,0.026000001,0,0.026000001,0,0.026000001,0,0.026000001,0,0.026000001,0,0.026000001,0,0.026000001,0,0.026000001,0,0.026000001,0,0.026000001,0,0.026000001,0,0.026000001,0,0.026000001,0
0.027000001,0,0.027000001,0,0.027000001,0,0.027000001,0,0.027000001,0,0.027000001,0,0.027000001,0,0.027000001,0,0.027000001,0,0.027000001,0,0.027000001,0,0.027000001,0,0.027000001,0,0.027000001,0,0.027000001,0,0.027000001,0,0.027000001,0,0.027000001,0,0.027000001,0,0.027000001,0,0.027000001,0,0.027000001,0,0.027000001,0,0.027000001,0,0.027000001,0,0.027000001,0,0.027000001,0,0.027000001,0,0.027000001,0,0.027000001,0,0.027000001,0,0.027000001,0,0.027000001,0,0.027000001,0,0.027000001,0,0.027000001,0,0.027000001,0,0.027000001,0,0.027000001,0,0.027000001,0,0.027000001,0,0.027000001,0
0.0275,0,0.0275,0,0.0275,0,0.0275,0,0.0275,0,0.0275,0,0.0275,0,0.0275,0,0.0275,0,0.0275,0,0.0275,0,0.0275,0,0.0275,0,0.0275,0,0.0275,0,0.0275,0,0.0275,0,0.0275,0,0.0275,0,0.0275,0,0.0275,0,0.0275,0,0.0275,0,0.0275,0,0.0275,0,0.0275,0,0.0275,0,0.0275,0,0.0275,0,0.0275,0,0.0275,0,0.0275,0,0.0275,0,0.0275,0,0.0275,0,0.0275,0,0.0275,0,0.0275,0,0.0275,0,0.0275,0,0.0275,0,0.0275,0
0.02775,0,0.02775,0,0.02775,0,0.02775,0,0.02775,0,0.02775,0,0.02775,0,0.02775,0,0.02775,0,0.02775,0,0.02775,0,0.02775,0,0.02775,0,0.02775,0,0.02775,0,0.02775,0,0.02775,0,0.02775,0,0.02775,0,0.02775,0,0.02775,0,0.02775,0,0.02775,0,0.02775,0,0.02775,0,0.02775,0,0.02775,0,0.02775,0,0.02775,0,0.02775,0,0.02775,0,0.02775,0,0.02775,0,0.02775,0,0.02775,0,0.02775,0,0.02775,0,0.02775,0,0.02775,0,0.02775,0,0.02775,0,0.02775,0
0.027875001,0,0.027875001,0,0.027875001,0,0.027875001,0,0.027875001,0,0.027875001,0,0.027875001,0,0.027875001,0,0.027875001,0,0.027875001,0,0.027875001,0,0.027875001,0,0.027875001,0,0.027875001,0,0.027875001,0,0.027875001,0,0.027875001,0,0.027875001,0,0.027875001,0,0.027875001,0,0.027875001,0,0.027875001,0,0.027875001,0,0.027875001,0,0.027875001,0,0.027875001,0,0.027875001,0,0.027875001,0,0.027875001,0,0.027875001,0,0.027875001,0,0.027875001,0,0.027875001,0,0.027875001,0,0.027875001,0,0.027875001,0,0.027875001,0,0.027875001,0,0.027875001,0,0.027875001,0,0.027875001,0,0.027875001,0
0.0279375,0,0.0279375,0,0.0279375,0,0.0279375,0,0.0279375,0,0.0279375,0,0.0279375,0,0.0279375,0,0.0279375,0,0.0279375,0,0.0279375,0,0.0279375,0,0.0279375,0,0.0279375,0,0.0279375,0,0.0279375,0,0.0279375,0,0.0279375,0,0.0279375,0,0.0279375,0,0.0279375,0,0.0279375,0,0.0279375,0,0.0279375,0,0.0279375,0,0.0279375,0,0.0279375,0,0.0279375,0,0.0279375,0,0.0279375,0,0.0279375,0,0.0279375,0,0.0279375,0,0.0279375,0,0.0279375,0,0.0279375,0,0.0279375,0,0.0279375,0,0.0279375,0,0.0279375,0,0.0279375,0,0.0279375,0
0.027968749,0,0.027968749,0,0.027968749,0,0.027968749,0,0.027968749,0,0.027968749,0,0.027968749,0,0.027968749,0,0.027968749,0,0.027968749,0,0.027968749,0,0.027968749,0,0.027968749,0,0.027968749,0,0.027968749,0,0.027968749,0,0.027968749,0,0.027968749,0,0.027968749,0,0.027968749,0,0.027968749,0,0.027968749,0,0.027968749,0,0.027968749,0,0.027968749,0,0.027968749,0,0.027968749,0,0.027968749,0,0.027968749,0,0.027968749,0,0.027968749,0,0.027968749,0,0.027968749,0,0.027968749,0,0.027968749,0,0.027968749,0,0.027968749,0,0.027968749,0,0.027968749,0,0.027968749,0,0.027968749,0,0.027968749,0
0.027984375,0,0.027984375,0,0.027984375,0,0.027984375,0,0.027984375,0,0.027984375,0,0.027984375,0,0.027984375,0,0.027984375,0,0.027984375,0,0.027984375,0,0.027984375,0,0.027984375,0,0.027984375,0,0.027984375,0,0.027984375,0,0.027984375,0,0.027984375,0,0.027984375,0,0.027984375,0,0.027984375,0,0.027984375,0,0.027984375,0,0.027984375,0,0.027984375,0,0.027984375,0,0.027984375,0,0.027984375,0,0.027984375,0,0.027984375,0,0.027984375,0,0.027984375,0,0.027984375,0,0.027984375,0,0.027984375,0,0.027984375,0,0.027984375,0,0.027984375,0,0.027984375,0,0.027984375,0,0.027984375,0,0.027984375,0
0.028000001,0,0.028000001,0,0.028000001,0,0.028000001,0,0.028000001,0,0.028000001,0,0.028000001,0,0.028000001,0,0.028000001,0,0.028000001,0,0.028000001,0,0.028000001,0,0.028000001,0,0.028000001,0,0.028000001,0,0.028000001,0,0.028000001,0,0.028000001,0,0.028000001,0,0.028000001,0,0.028000001,0,0.028000001,0,0.028000001,0,0.028000001,0,0.028000001,0,0.028000001,0,0.028000001,0,0.028000001,0,0.028000001,0,0.028000001,0,0.028000001,0,0.028000001,0,0.028000001,0,0.028000001,0,0.028000001,0,0.028000001,0,0.028000001,0,0.028000001,0,0.028000001,0,0.028000001,0,0.028000001,0,0.028000001,0
0.028000001,0,0.028000001,0,0.028000001,0,0.028000001,0,0.028000001,0,0.028000001,0,0.028000001,0,0.028000001,0,0.028000001,0,0.028000001,0,0.028000001,0,0.028000001,0,0.028000001,0,0.028000001,0,0.028000001,0,0.028000001,0,0.028000001,0,0.028000001,0,0.028000001,0,0.028000001,0,0.028000001,0,0.028000001,0,0.028000001,0,0.028000001,0,0.028000001,0,0.028000001,0,0.028000001,0,0.028000001,0,0.028000001,0,0.028000001,0,0.028000001,0,0.028000001,0,0.028000001,0,0.028000001,0,0.028000001,0,0.028000001,0,0.028000001,0,0.028000001,0,0.028000001,0,0.028000001,0,0.028000001,0,0.028000001,0
0.028027344,0,0.028027344,0,0.028027344,0,0.028027344,0,0.028027344,0,0.028027344,0,0.028027344,0,0.028027344,0,0.028027344,0,0.028027344,0,0.028027344,0,0.028027344,0,0.028027344,0,0.028027344,0,0.028027344,0,0.028027344,0,0.028027344,0,0.028027344,0,0.028027344,0,0.028027344,0,0.028027344,0,0.028027344,0,0.028027344,0,0.028027344,0,0.028027344,0,0.028027344,0,0.028027344,0,0.028027344,0,0.028027344,0,0.028027344,0,0.028027344,0,0.028027344,0,0.028027344,0,0.028027344,0,0.028027344,0,0.028027344,0,0.028027344,0,0.028027344,0,0.028027344,0,0.028027344,0,0.028027344,0,0.028027344,0
0.028054688,0,0.028054688,0,0.028054688,0,0.028054688,0,0.028054688,0,0.028054688,0,0.028054688,0,0.028054688,0,0.028054688,0,0.028054688,0,0.028054688,0,0.028054688,0,0.028054688,0,0.028054688,0,0.028054688,0,0.028054688,0,0.028054688,0,0.028054688,0,0.028054688,0,0.028054688,0,0.028054688,0,0.028054688,0,0.028054688,0,0.028054688,0,0.028054688,0,0.028054688,0,0.028054688,0,0.028054688,0,0.028054688,0,0.028054688,0,0.028054688,0,0.028054688,0,0.028054688,0,0.028054688,0,0.028054688,0,0.028054688,0,0.028054688,0,0.028054688,0,0.028054688,0,0.028054688,0,0.028054688,0,0.028054688,0
0.028109375,0,0.028109375,0,0.028109375,0,0.028109375,0,0.028109375,0,0.028109375,0,0.028109375,0,0.028109375,0,0.028109375,0,0.028109375,0,0.028109375,0,0.028109375,0,0.028109375,0,0.028109375,0,0.028109375,0,0.028109375,0,0.028109375,0,0.028109375,0,0.028109375,0,0.028109375,0,0.028109375,0,0.028109375,0,0.028109375,0,0.028109375,0,0.028109375,0,0.028109375,0,0.028109375,0,0.028109375,0,0.028109375,0,0.028109375,0,0.028109375,0,0.028109375,0,0.028109375,0,0.028109375,0,0.028109375,0,0.028109375,0,0.028109375,0,0.028109375,0,0.028109375,0,0.028109375,0,0.028109375,0,0.028109375,0
0.02821875,0,0.02821875,0,0.02821875,0,0.02821875,0,0.02821875,0,0.02821875,0,0.02821875,0,0.02821875,0,0.02821875,0,0.02821875,0,0.02821875,0,0.02821875,0,0.02821875,0,0.02821875,0,0.02821875,0,0.02821875,0,0.02821875,0,0.02821875,0,0.02821875,0,0.02821875,0,0.02821875,0,0.02821875,0,0.02821875,0,0.02821875,0,0.02821875,0,0.02821875,0,0.02821875,0,0.02821875,0,0.02821875,0,0.02821875,0,0.02821875,0,0.02821875,0,0.02821875,0,0.02821875,0,0.02821875,0,0.02821875,0,0.02821875,0,0.02821875,0,0.02821875,0,0.02821875,0,0.02821875,0,0.02821875,0
0.028437501,0,0.028437501,0,0.028437501,0,0.028437501,0,0.028437501,0,0.028437501,0,0.028437501,0,0.028437501,0,0.028437501,0,0.028437501,0,0.028437501,0,0.028437501,0,0.028437501,0,0.028437501,0,0.028437501,0,0.028437501,0,0.028437501,0,0.028437501,0,0.028437501,0,0.028437501,0,0.028437501,0,0.028437501,0,0.028437501,0,0.028437501,0,0.028437501,0,0.028437501,0,0.028437501,0,0.028437501,0,0.028437501,0,0.028437501,0,0.028437501,0,0.028437501,0,0.028437501,0,0.028437501,0,0.028437501,0,0.028437501,0,0.028437501,0,0.028437501,0,0.028437501,0,0.028437501,0,0.028437501,0,0.028437501,0
0.028875001,0,0.028875001,0,0.028875001,0,0.028875001,0,0.028875001,0,0.028875001,0,0.028875001,0,0.028875001,0,0.028875001,0,0.028875001,0,0.028875001,0,0.028875001,0,0.028875001,0,0.028875001,0,0.028875001,0,0.028875001,0,0.028875001,0,0.028875001,0,0.028875001,0,0.028875001,0,0.028875001,0,0.028875001,0,0.028875001,0,0.028875001,0,0.028875001,0,0.028875001,0,0.028875001,0,0.028875001,0,0.028875001,0,0.028875001,0,0.028875001,0,0.028875001,0,0.028875001,0,0.028875001,0,0.028875001,0,0.028875001,0,0.028875001,0,0.028875001,0,0.028875001,0,0.028875001,0,0.028875001,0,0.028875001,0
0.029750001,0,0.029750001,0,0.029750001,0,0.029750001,0,0.029750001,0,0.029750001,0,0.029750001,0,0.029750001,0,0.029750001,0,0.029750001,0,0.029750001,0,0.029750001,0,0.029750001,0,0.029750001,0,0.029750001,0,0.029750001,0,0.029750001,0,0.029750001,0,0.029750001,0,0.029750001,0,0.029750001,0,0.029750001,0,0.029750001,0,0.029750001,0,0.029750001,0,0.029750001,0,0.029750001,0,0.029750001,0,0.029750001,0,0.029750001,0,0.029750001,0,0.029750001,0,0.029750001,0,0.029750001,0,0.029750001,0,0.029750001,0,0.029750001,0,0.029750001,0,0.029750001,0,0.029750001,0,0.029750001,0,0.029750001,0
0.030625001,0,0.030625001,0,0.030625001,0,0.030625001,0,0.030625001,0,0.030625001,0,0.030625001,0,0.030625001,0,0.030625001,0,0.030625001,0,0.030625001,0,0.030625001,0,0.030625001,0,0.030625001,0,0.030625001,0,0.030625001,0,0.030625001,0,0.030625001,0,0.030625001,0,0.030625001,0,0.030625001,0,0.030625001,0,0.030625001,0,0.030625001,0,0.030625001,0,0.030625001,0,0.030625001,0,0.030625001,0,0.030625001,0,0.030625001,0,0.030625001,0,0.030625001,0,0.030625001,0,0.030625001,0,0.030625001,0,0.030625001,0,0.030625001,0,0.030625001,0,0.030625001,0,0.030625001,0,0.030625001,0,0.030625001,0
0.031062501,0,0.031062501,0,0.031062501,0,0.031062501,0,0.031062501,0,0.031062501,0,0.031062501,0,0.031062501,0,0.031062501,0,0.031062501,0,0.031062501,0,0.031062501,0,0.031062501,0,0.031062501,0,0.031062501,0,0.031062501,0,0.031062501,0,0.031062501,0,0.031062501,0,0.031062501,0,0.031062501,0,0.031062501,0,0.031062501,0,0.031062501,0,0.031062501,0,0.031062501,0,0.031062501,0,0.031062501,0,0.031062501,0,0.031062501,0,0.031062501,0,0.031062501,0,0.031062501,0,0.031062501,0,0.031062501,0,0.031062501,0,0.031062501,0,0.031062501,0,0.031062501,0,0.031062501,0,0.031062501,0,0.031062501,0
0.031281251,0,0.031281251,0,0.031281251,0,0.031281251,0,0.031281251,0,0.031281251,0,0.031281251,0,0.031281251,0,0.031281251,0,0.031281251,0,0.031281251,0,0.031281251,0,0.031281251,0,0.031281251,0,0.031281251,0,0.031281251,0,0.031281251,0,0.031281251,0,0.031281251,0,0.031281251,0,0.031281251,0,0.031281251,0,0.031281251,0,0.031281251,0,0.031281251,0,0.031281251,0,0.031281251,0,0.031281251,0,0.031281251,0,0.031281251,0,0.031281251,0,0.031281251,0,0.031281251,0,0.031281251,0,0.031281251,0,0.031281251,0,0.031281251,0,0.031281251,0,0.031281251,0,0.031281251,0,0.031281251,0,0.031281251,0
0.031390626,0,0.031390626,0,0.031390626,0,0.031390626,0,0.031390626,0,0.031390626,0,0.031390626,0,0.031390626,0,0.031390626,0,0.031390626,0,0.031390626,0,0.031390626,0,0.031390626,0,0.031390626,0,0.031390626,0,0.031390626,0,0.031390626,0,0.031390626,0,0.031390626,0,0.031390626,0,0.031390626,0,0.031390626,0,0.031390626,0,0.031390626,0,0.031390626,0,0.031390626,0,0.031390626,0,0.031390626,0,0.031390626,0,0.031390626,0,0.031390626,0,0.031390626,0,0.031390626,0,0.031390626,0,0.031390626,0,0.031390626,0,0.031390626,0,0.031390626,0,0.031390626,0,0.031390626,0,0.031390626,0,0.031390626,0
0.031445313,0,0.031445313,0,0.031445313,0,0.031445313,0,0.031445313,0,0.031445313,0,0.031445313,0,0.031445313,0,0.031445313,0,0.031445313,0,0.031445313,0,0.031445313,0,0.031445313,0,0.031445313,0,0.031445313,0,0.031445313,0,0.031445313,0,0.031445313,0,0.031445313,0,0.031445313,0,0.031445313,0,0.031445313,0,0.031445313,0,0.031445313,0,0.031445313,0,0.031445313,0,0.031445313,0,0.031445313,0,0.031445313,0,0.031445313,0,0.031445313,0,0.031445313,0,0.031445313,0,0.031445313,0,0.031445313,0,0.031445313,0,0.031445313,0,0.031445313,0,0.031445313,0,0.031445313,0,0.031445313,0,0.031445313,0
0.031472657,0,0.031472657,0,0.031472657,0,0.031472657,0,0.031472657,0,0.031472657,0,0.031472657,0,0.031472657,0,0.031472657,0,0.031472657,0,0.031472657,0,0.031472657,0,0.031472657,0,0.031472657,0,0.031472657,0,0.031472657,0,0.031472657,0,0.031472657,0,0.031472657,0,0.031472657,0,0.031472657,0,0.031472657,0,0.031472657,0,0.031472657,0,0.031472657,0,0.031472657,0,0.031472657,0,0.031472657,0,0.031472657,0,0.031472657,0,0.031472657,0,0.031472657,0,0.031472657,0,0.031472657,0,0.031472657,0,0.031472657,0,0.031472657,0,0.031472657,0,0.031472657,0,0.031472657,0,0.031472657,0,0.031472657,0
0.031500001,3.5173214e+18,0.031500001,3.4124235e+18,0.031500001,3.4987044e+18,0.031500001,3.5151826e+18,0.031500001,3.5171039e+18,0.031500001,3.5172996e+18,0.031500001,3.5173192e+18,0.031500001,3.5173212e+18,0.031500001,3.5173214e+18,0.031500001,3.2136482e+18,0.031500001,3.3617825e+18,0.031500001,3.1518768e+18,0.031500001,3.0998615e+18,0.031500001,3.2802328e+18,0.031500001,3.0591298e+18,0.031500001,3.0268872e+18,0.031500001,2.9960132e+18,0.031500001,2.9545935e+18,0.031500001,2.8835845e+18,0.031500001,2.7518912e+18,0.031500001,2.5111085e+18,0.031500001,2.1013989e+18,0.031500001,1.4967936e+18,0.031500001,8.0261017e+17,0.031500001,2.7117399e+17,0.031500001,4.6419018e+16,0.031500001,3.2310175e+15,0.031500001,7.5627311e+13,0.031500001,2.0768337e+11,0.031500001,8.5632881e+09,0.031500001,8.5005746e+09,0.031500001,8.4993538e+09,0.031500001,8.4991182e+09,0.031500001,8.4990582e+09,0.031500001,8.4990249e+09,0.031500001,8.4990091e+09,0.031500001,8.4990051e+09,0.031500001,8.4990047e+09,0.031500001,8.4990046e+09,0.031500001,8.4990046e+09,0.031500001,8.4990046e+09,0.031500001,8.4990046e+09
0.031500001,3.5173214e+18,0.031500001,3.4124235e+18,0.031500001,3.4987044e+18,0.031500001,3.5151826e+18,0.031500001,3.5171039e+18,0.031500001,3.5172996e+18,0.031500001,3.5173192e+18,0.031500001,3.5173212e+18,0.031500001,3.5173214e+18,0.031500001,3.2136482e+18,0.031500001,3.3617825e+18,0.031500001,3.1518768e+18,0.031500001,3.0998615e+18,0.031500001,3.2802328e+18,0.031500001,3.0591298e+18,0.031500001,3.0268872e+18,0.031500001,2.9960132e+18,0.031500001,2.9545935e+18,0.031500001,2.8835845e+18,0.031500001,2.7518912e+18,0.031500001,2.5111085e+18,0.031500001,2.1013989e+18,0.031500001,1.4967936e+18,0.031500001,8.0261017e+17,0.031500001,2.7117399e+17,0.031500001,4.6419018e+16,0.031500001,3.2310175e+15,0.031500001,7.5627311e+13,0.031500001,2.0768337e+11,0.031500001,8.5632881e+09,0.031500001,8.5005746e+09,0.031500001,8.4993538e+09,0.031500001,8.4991182e+09,0.031500001,8.4990582e+09,0.031500001,8.4990249e+09,0.031500001,8.4990091e+09,0.031500001,8.4990051e+09,0.031500001,8.4990047e+09,0.031500001,8.4990046e+09,0.031500001,8.4990046e+09,0.031500001,8.4990046e+09,0.031500001,8.4990046e+09
0.031523436,3.4656876e+18,0.031523436,3.369735e+18,0.031523436,3.4490103e+18,0.031523436,3.4637857e+18,0.031523436,3.4654944e+18,0.031523436,3.4656682e+18,0.031523436,3.4656857e+18,0.031523436,3.4656874e+18,0.031523436,3.4656876e+18,0.031523436,3.1789965e+18,0.031523436,3.3221699e+18,0.031523436,3.1172978e+18,0.031523436,3.0643065e+18,0.031523436,3.2441096e+18,0.031523436,3.0223621e+18,0.031523436,2.9897335e+18,0.031523436,2.9605571e+18,0.031523436,2.9246274e+18,0.031523436,2.8656803e+18,0.031523436,2.7571895e+18,0.031523436,2.5566828e+18,0.031523436,2.2063314e+18,0.031523436,1.6629344e+18,0.031523436,9.8317638e+17,0.031523436,3.8766122e+17,0.031523436,8.2658654e+16,0.031523436,7.6175052e+15,0.031523436,2.4753149e+14,0.031523436,1.0750829e+12,0.031523436,8.8415501e+09,0.031523436,8.3126204e+09,0.031523436,8.3101742e+09,0.031523436,8.3097888e+09,0.031523436,8.3097079e+09,0.031523436,8.309669e+09,0.031523436,8.3096484e+09,0.031523436,8.309642e+09,0.031523436,8.309641e+09,0.031523436,8.309641e+09,0.031523436,8.309641e+09,0.031523436,8.309641e+09,0.031523436,8.309641e+09
0.031546876,3.4158462e+18,0.031546876,3.3281295e+18,0.031546876,3.4009037e+18,0.031546876,3.4141539e+18,0.031546876,3.4156744e+18,0.031546876,3.415829e+18,0.031546876,3.4158445e+18,0.031546876,3.415846e+18,0.031546876,3.4158462e+18,0.031546876,3.1455478e+18,0.031546876,3.2835371e+18,0.031546876,3.0841518e+18,0.031546876,3.0303397e+18,0.031546876,3.2090106e+18,0.031546876,2.9871481e+18,0.031546876,2.9538186e+18,0.031546876,2.925629e+18,0.031546876,2.8938571e+18,0.031546876,2.8445827e+18,0.031546876,2.7552222e+18,0.031546876,2.5889733e+18,0.031546876,2.2921303e+18,0.031546876,1.8119949e+18,0.031546876,1.1652824e+18,0.031546876,5.2677347e+17,0.031546876,1.3727586e+17,0.031546876,1.6475074e+16,0.031546876,7.3451225e+14,0.031546876,5.0997009e+12,0.031546876,1.2389591e+10,0.031546876,8.1362853e+09,0.031546876,8.1283467e+09,0.031546876,8.1276988e+09,0.031546876,8.1275809e+09,0.031546876,8.1275345e+09,0.031546876,8.127509e+09,0.031546876,8.1274993e+09,0.031546876,8.1274975e+09,0.031546876,8.1274973e+09,0.031546876,8.1274973e+09,0.031546876,8.1274973e+09,0.031546876,8.1274973e+09
0.031593751,3.3213416e+18,0.031593751,3.2481531e+18,0.031593751,3.3093383e+18,0.031593751,3.3199994e+18,0.031593751,3.3212056e+18,0.031593751,3.321328e+18,0.031593751,3.3213403e+18,0.031593751,3.3213415e+18,0.031593751,3.3213416e+18,0.031593751,3.0819929e+18,0.031593751,3.20916e+18,0.031593751,3.0218587e+18,0.031593751,2.9669495e+18,0.031593751,3.1417153e+18,0.031593751,2.9213561e+18,0.031593751,2.8860044e+18,0.031593751,2.8581778e+18,0.031593751,2.8316127e+18,0.031593751,2.7960495e+18,0.031593751,2.7351048e+18,0.031593751,2.6217852e+18,0.031593751,2.4131945e+18,0.031593751,2.0533729e+18,0.031593751,1.5084485e+18,0.031593751,8.5345574e+17,0.031593751,3.1387424e+17,0.031593751,6.0560906e+16,0.031593751,4.8776782e+15,0.031593751,8.2451902e+13,0.031593751,2.0357147e+11,0.031593751,8.2160305e+09,0.031593751,7.786452e+09,0.031593751,7.7842875e+09,0.031593751,7.7839951e+09,0.031593751,7.7839162e+09,0.031593751,7.7838798e+09,0.031593751,7.7838616e+09,0.031593751,7.7838563e+09,0.031593751,7.7838556e+09,0.031593751,7.7838556e+09,0.031593751,7.7838556e+09,0.031593751,7.7838556e+09
0.031687502,3.151616e+18,0.031687502,3.1009097e+18,0.031687502,3.143844e+18,0.031687502,3.1507655e+18,0.031687502,3.1515301e+18,0.031687502,3.1516074e+18,0.031687502,3.1516151e+18,0.031687502,3.1516159e+18,0.031687502,3.151616e+18,0.031687502,2.966576e+18,0.031687502,3.0716017e+18,0.031687502,2.9111826e+18,0.031687502,2.8564586e+18,0.031687502,3.0177267e+18,0.031687502,2.8073631e+18,0.031687502,2.7671603e+18,0.031687502,2.7362757e+18,0.031687502,2.7120963e+18,0.031687502,2.6890949e+18,0.031687502,2.6583966e+18,0.031687502,2.6058488e+18,0.031687502,2.507961e+18,0.031687502,2.3267392e+18,0.031687502,2.0102797e+18,0.031687502,1.5194035e+18,0.031687502,9.0342272e+17,0.031687502,3.5962032e+17,0.031687502,7.7480357e+16,0.031687502,5.8757257e+15,0.031687502,9.432274e+13,0.031687502,8.891627e+11,0.031687502,9.4957959e+09,0.031687502,7.1757449e+09,0.031687502,7.1731443e+09,0.031687502,7.1726789e+09,0.031687502,7.1725715e+09,0.031687502,7.1725306e+09,0.031687502,7.1725098e+09,0.031687502,7.1725029e+09,0.031687502,7.1725018e+09,0.031687502,7.1725018e+09,0.031687502,7.1725018e+09
0.031874999,2.8809368e+18,0.031874999,2.856806e+18,0.031874999,2.8776177e+18,0.031874999,2.8805846e+18,0.031874999,2.8809013e+18,0.031874999,2.8809332e+18,0.031874999,2.8809364e+18,0.031874999,2.8809367e+18,0.031874999,2.8809368e+18,0.031874999,2.7751564e+18,0.031874999,2.8409986e+18,0.031874999,2.7339118e+18,0.031874999,2.6874106e+18,0.031874999,2.8090301e+18,0.031874999,2.6391744e+18,0.031874999,2.5933695e+18,0.031874999,2.55361e+18,0.031874999,2.5218306e+18,0.031874999,2.4977964e+18,0.031874999,2.4791633e+18,0.031874999,2.4615891e+18,0.031874999,2.4383417e+18,0.031874999,2.3987334e+18,0.031874999,2.3248308e+18,0.031874999,2.1867319e+18,0.031874999,1.9402357e+18,0.031874999,1.5409427e+18,0.031874999,9.9936635e+17,0.031874999,4.4983857e+17,0.031874999,1.0486687e+17,0.031874999,1.2317127e+16,0.031874999,5.318273e+14,0.031874999,2.7939963e+12,0.031874999,1.7045334e+10,0.031874999,6.2268313e+09,0.031874999,6.2092888e+09,0.031874999,6.2082087e+09,0.031874999,6.2079942e+09,0.031874999,6.2079352e+09,0.031874999,6.2079083e+09,0.031874999,6.2078971e+09,0.031874999,6.2078946e+09
0.032062501,2.683293e+18,0.032062501,2.6717852e+18,0.032062501,2.6818331e+18,0.032062501,2.6831411e+18,0.032062501,2.6832778e+18,0.032062501,2.6832915e+18,0.032062501,2.6832928e+18,0.032062501,2.683293e+18,0.032062501,2.683293e+18,0.032062501,2.6251045e+18,0.032062501,2.663526e+18,0.032062501,2.5978809e+18,0.032062501,2.5640068e+18,0.032062501,2.6456268e+18,0.032062501,2.5246823e+18,0.032062501,2.4822956e+18,0.032062501,2.4400739e+18,0.032062501,2.4013505e+18,0.032062501,2.3686418e+18,0.032062501,2.3429907e+18,0.032062501,2.3238285e+18,0.032062501,2.3091015e+18,0.032062501,2.2953566e+18,0.032062501,2.2774028e+18,0.032062501,2.2470398e+18,0.032062501,2.1903615e+18,0.032062501,2.083534e+18,0.032062501,1.8891167e+18,0.032062501,1.5610863e+18,0.032062501,1.0779767e+18,0.032062501,5.5388542e+17,0.032062501,1.7381624e+17,0.032062501,2.1666705e+16,0.032062501,1.2879611e+15,0.032062501,2.5087051e+13,0.032062501,1.4831722e+11,0.032062501,5.7542156e+09,0.032062501,5.5184097e+09,0.032062501,5.5159257e+09,0.032062501,5.5154727e+09,0.032062501,5.5153682e+09,0.032062501,5.5153318e+09
0.032249998,2.5432753e+18,0.032249998,2.5377155e+18,0.032249998,2.5426114e+18,0.032249998,2.5432071e+18,0.032249998,2.5432685e+18,0.032249998,2.5432746e+18,0.032249998,2.5432752e+18,0.032249998,2.5432753e+18,0.032249998,2.5432753e+18,0.032249998,2.5117957e+18,0.032249998,2.533435e+18,0.032249998,2.4950485e+18,0.032249998,2.4726438e+18,0.032249998,2.5236603e+18,0.032249998,2.4443596e+18,0.032249998,2.410799e+18,0.032249998,2.373516e+18,0.032249998,2.3348961e+18,0.032249998,2.29775e+18,0.032249998,2.2646595e+18,0.032249998,2.2373115e+18,0.032249998,2.2161815e+18,0.032249998,2.2005497e+18,0.032249998,2.1886307e+18,0.032249998,2.1776407e+18,0.032249998,2.1635011e+18,0.032249998,2.1397877e+18,0.032249998,2.0955118e+18,0.032249998,2.0113887e+18,0.032249998,1.855116e+18,0.032249998,1.5857534e+18,0.032249998,1.1740489e+18,0.032249998,6.5939255e+17,0.032249998,2.4502767e+17,0.032249998,4.7434457e+16,0.032249998,3.8083876e+15,0.032249998,1.0491382e+14,0.032249998,8.748493e+11,0.032249998,7.072297e+09,0.032249998,5.0400642e+09,0.032249998,5.0336018e+09,0.032249998,5.0326206e+09
0.0324375,2.4492125e+18,0.0324375,2.4464737e+18,0.0324375,2.4488999e+18,0.0324375,2.4491806e+18,0.0324375,2.4492093e+18,0.0324375,2.4492122e+18,0.0324375,2.4492124e+18,0.0324375,2.4492125e+18,0.0324375,2.4492125e+18,0.0324375,2.4322007e+18,0.0324375,2.444245e+18,0.0324375,2.4222601e+18,0.0324375,2.4082406e+18,0.0324375,2.4389323e+18,0.0324375,2.389411e+18,0.0324375,2.3654067e+18,0.0324375,2.3364535e+18,0.0324375,2.3035182e+18,0.0324375,2.268308e+18,0.0324375,2.2330696e+18,0.0324375,2.200176e+18,0.0324375,2.1715685e+18,0.0324375,2.1483311e+18,0.0324375,2.1305856e+18,0.0324375,2.1175556e+18,0.0324375,2.1076877e+18,0.0324375,2.0987039e+18,0.0324375,2.0873346e+18,0.0324375,2.0684352e+18,0.0324375,2.0331906e+18,0.0324375,1.9660413e+18,0.0324375,1.8403197e+18,0.0324375,1.6156086e+18,0.0324375,1.2593197e+18,0.0324375,7.8866886e+17,0.0324375,3.3968444e+17,0.0324375,8.1609112e+16,0.0324375,8.6834476e+15,0.0324375,3.3361838e+14,0.0324375,3.9941774e+12,0.0324375,1.8315833e+10,0.0324375,4.7398511e+09
0.032625001,2.3922584e+18,0.032625001,2.3908774e+18,0.032625001,2.3921059e+18,0.032625001,2.3922429e+18,0.032625001,2.3922568e+18,0.032625001,2.3922582e+18,0.032625001,2.3922584e+18,0.032625001,2.3922584e+18,0.032625001,2.3922584e+18,0.032625001,2.382985e+18,0.032625001,2.3897035e+18,0.032625001,2.3771595e+18,0.032625001,2.36862e+18,0.032625001,2.3867997e+18,0.032625001,2.3566202e+18,0.032625001,2.3404853e+18,0.032625001,2.3197851e+18,0.032625001,2.2945111e+18,0.032625001,2.265226e+18,0.032625001,2.2331176e+18,0.032625001,2.1999197e+18,0.032625001,2.1676746e+18,0.032625001,2.1383301e+18,0.032625001,2.1133e+18,0.032625001,2.0932439e+18,0.032625001,2.0780649e+18,0.032625001,2.066981e+18,0.032625001,2.0586332e+18,0.032625001,2.0510774e+18,0.032625001,2.0417385e+18,0.032625001,2.0265209e+18,0.032625001,1.9981208e+18,0.032625001,1.9436085e+18,0.032625001,1.840766e+18,0.032625001,1.6546247e+18,0.032625001,1.3458819e+18,0.032625001,9.1013153e+17,0.032625001,4.4573235e+17,0.032625001,1.3003517e+17,0.032625001,1.7971433e+16,0.032625001,9.4807455e+14,0.032625001,1.6180499e+13
0.032812499,2.3657221e+18,0.032812499,2.3650077e+18,0.032812499,2.3656452e+18,0.032812499,2.3657144e+18,0.032812499,2.3657213e+18,0.032812499,2.365722e+18,0.032812499,2.3657221e+18,0.032812499,2.3657221e+18,0.032812499,2.3657221e+18,0.032812499,2.3605982e+18,0.032812499,2.364379e+18,0.032812499,2.3571763e+18,0.032812499,2.3520175e+18,0.032812499,2.3627752e+18,0.032812499,2.3445214e+18,0.032812499,2.3340437e+18,0.032812499,2.3199671e+18,0.032812499,2.3018398e+18,0.032812499,2.2795103e+18,0.032812499,2.2532661e+18,0.032812499,2.2239079e+18,0.032812499,2.1927393e+18,0.032812499,2.1614426e+18,0.032812499,2.1318222e+18,0.032812499,2.1054296e+18,0.032812499,2.083264e+18,0.032812499,2.0656978e+18,0.032812499,2.0524906e+18,0.032812499,2.042767e+18,0.032812499,2.0354929e+18,0.032812499,2.0292826e+18,0.032812499,2.0215758e+18,0.032812499,2.0089956e+18,0.032812499,1.9857533e+18,0.032812499,1.9410925e+18,0.032812499,1.8560204e+18,0.032812499,1.6996408e+18,0.032812499,1.4322961e+18,0.032812499,1.0333164e+18,0.032812499,5.6538306e+17,0.032812499,1.9606928e+17,0.032812499,3.4475752e+16
0.033,2.3645742e+18,0.033,2.3641945e+18,0.033,2.364534e+18,0.033,2.3645701e+18,0.033,2.3645738e+18,0.033,2.3645741e+18,0.033,2.3645742e+18,0.033,2.3645742e+18,0.033,2.3645742e+18,0.033,2.3616982e+18,0.033,2.3638511e+18,0.033,2.3596699e+18,0.033,2.3565376e+18,0.033,2.3629521e+18,0.033,2.3518782e+18,0.033,2.3451714e+18,0.033,2.3358574e+18,0.033,2.3233714e+18,0.033,2.3072657e+18,0.033,2.2873023e+18,0.033,2.2635827e+18,0.033,2.2366222e+18,0.033,2.2073784e+18,0.033,2.1771959e+18,0.033,2.1476593e+18,0.033,2.1203228e+18,0.033,2.0963886e+18,0.033,2.076534e+18,0.033,2.0607454e+18,0.033,2.048896e+18,0.033,2.0407368e+18,0.033,2.0345518e+18,0.033,2.0290148e+18,0.033,2.0225453e+18,0.033,2.0120971e+18,0.033,1.9928014e+18,0.033,1.9557285e+18,0.033,1.8847188e+18,0.033,1.7525236e+18,0.033,1.5207842e+18,0.033,1.1583729e+18,0.033,6.9699728e+17
0.033187501,2.3850803e+18,0.033187501,2.3848729e+18,0.033187501,2.3850587e+18,0.033187501,2.3850782e+18,0.033187501,2.3850801e+18,0.033187501,2.3850803e+18,0.033187501,2.3850803e+18,0.033187501,2.3850803e+18,0.033187501,2.3850803e+18,0.033187501,2.383436e+18,0.033187501,2.3846813e+18,0.033187501,2.3822242e+18,0.033187501,2.3803004e+18,0.033187501,2.3841679e+18,0.033187501,2.3773843e+18,0.033187501,2.3731027e+18,0.033187501,2.3669999e+18,0.033187501,2.3585858e+18,0.033187501,2.347342e+18,0.033187501,2.3328378e+18,0.033187501,2.3147842e+18,0.033187501,2.2931572e+18,0.033187501,2.2682616e+18,0.033187501,2.2407836e+18,0.033187501,2.2117764e+18,0.033187501,2.1825854e+18,0.033187501,2.1546734e+18,0.033187501,2.1293214e+18,0.033187501,2.1071834e+18,0.033187501,2.0888993e+18,0.033187501,2.0753045e+18,0.033187501,2.0650573e+18,0.033187501,2.0574336e+18,0.033187501,2.0520494e+18,0.033187501,2.0473025e+18,0.033187501,2.0417053e+18,0.033187501,2.0328814e+18,0.033187501,2.0167081e+18,0.033187501,1.9856424e+18,0.033187501,1.9258764e+18,0.033187501,1.8134621e+18,0.033187501,1.6122975e+18
0.033374999,2.4245299e+18,0.033374999,2.4244135e+18,0.033374999,2.4245179e+18,0.033374999,2.4245287e+18,0.033374999,2.4245298e+18,0.033374999,2.4245299e+18,0.033374999,2.4245299e+18,0.033374999,2.4245299e+18,0.033374999,2.4245299e+18,0.033374999,2.4235699e+18,0.033374999,2.4243042e+18,0.033374999,2.4228375e+18,0.033374999,2.4216479e+18,0.033374999,2.4240052e+18,0.033374999,2.419796e+18,0.033374999,2.417042e+18,0.033374999,2.4130472e+18,0.033374999,2.4074099e+18,0.033374999,2.3996985e+18,0.033374999,2.3894321e+18,0.033374999,2.3762055e+18,0.033374999,2.3596981e+18,0.033374999,2.3398018e+18,0.033374999,2.316666e+18,0.033374999,2.29077e+18,0.033374999,2.2629296e+18,0.033374999,2.2342634e+18,0.033374999,2.2060661e+18,0.033374999,2.1793549e+18,0.033374999,2.1552937e+18,0.033374999,2.1356186e+18,0.033374999,2.1194519e+18,0.033374999,2.1065778e+18,0.033374999,2.097499e+18,0.033374999,2.0908439e+18,0.033374999,2.0858957e+18,0.033374999,2.0816627e+18,0.033374999,2.0768046e+18,0.033374999,2.069284e+18,0.033374999,2.0556018e+18,0.033374999,2.0293472e+18,0.033374999,1.9786741e+18
0.0335625,2.4810342e+18,0.0335625,2.480967e+18,0.0335625,2.4810273e+18,0.0335625,2.4810335e+18,0.0335625,2.4810341e+18,0.0335625,2.4810342e+18,0.0335625,2.4810342e+18,0.0335625,2.4810342e+18,0.0335625,2.4810342e+18,0.0335625,2.4804616e+18,0.0335625,2.4809032e+18,0.0335625,2.4800102e+18,0.0335625,2.4792686e+18,0.0335625,2.4807257e+18,0.0335625,2.4780852e+18,0.0335625,2.4762808e+18,0.0335625,2.4736478e+18,0.0335625,2.4698696e+18,0.0335625,2.4645922e+18,0.0335625,2.4574325e+18,0.0335625,2.4479388e+18,0.0335625,2.4357346e+18,0.0335625,2.420479e+18,0.0335625,2.402008e+18,0.0335625,2.3803595e+18,0.0335625,2.355861e+18,0.0335625,2.329139e+18,0.0335625,2.3010909e+18,0.0335625,2.2725662e+18,0.0335625,2.2448474e+18,0.0335625,2.2202699e+18,0.0335625,2.1983935e+18,0.0335625,2.1794426e+18,0.0335625,2.1648355e+18,0.0335625,2.1534352e+18,0.0335625,2.1449712e+18,0.0335625,2.1388658e+18,0.0335625,2.1343671e+18,0.0335625,2.1305723e+18,0.0335625,2.1263142e+18,0.0335625,2.1198443e+18,0.0335625,2.1081733e+18
0.033750001,2.5533777e+18,0.033750001,2.5533378e+18,0.033750001,2.5533736e+18,0.033750001,2.5533772e+18,0.033750001,2.5533776e+18,0.033750001,2.5533776e+18,0.033750001,2.5533777e+18,0.033750001,2.5533777e+18,0.033750001,2.5533777e+18,0.033750001,2.5530293e+18,0.033750001,2.5532997e+18,0.033750001,2.5527448e+18,0.033750001,2.5522732e+18,0.033750001,2.5531923e+18,0.033750001,2.5515147e+18,0.033750001,2.5503238e+18,0.033750001,2.5485487e+18,0.033750001,2.5460044e+18,0.033750001,2.5423866e+18,0.033750001,2.537387e+18,0.033750001,2.5306611e+18,0.033750001,2.521777e+18,0.033750001,2.5103892e+18,0.033750001,2.496143e+18,0.033750001,2.4788397e+18,0.033750001,2.4584444e+18,0.033750001,2.4351723e+18,0.033750001,2.4094819e+18,0.033750001,2.3818453e+18,0.033750001,2.3532068e+18,0.033750001,2.3259103e+18,0.033750001,2.2998941e+18,0.033750001,2.2756968e+18,0.033750001,2.2554361e+18,0.033750001,2.2383048e+18,0.033750001,2.2245398e+18,0.033750001,2.2139761e+18,0.033750001,2.2061844e+18,0.033750001,2.2005742e+18,0.033750001,2.1964523e+18,0.033750001,2.1930163e+18,0.033750001,2.1892469e+18
0.033937499,2.6409111e+18,0.033937499,2.6408868e+18,0.033937499,2.6409086e+18,0.033937499,2.6409109e+18,0.033937499,2.6409111e+18,0.033937499,2.6409111e+18,0.033937499,2.6409111e+18,0.033937499,2.6409111e+18,0.033937499,2.6409111e+18,0.033937499,2.6406951e+18,0.033937499,2.6408635e+18,0.033937499,2.6405126e+18,0.033937499,2.6402047e+18,0.033937499,2.6407973e+18,0.033937499,2.6397099e+18,0.033937499,2.6389265e+18,0.033937499,2.6377166e+18,0.033937499,2.635957e+18,0.033937499,2.6334746e+18,0.033937499,2.6299714e+18,0.033937499,2.6251838e+18,0.033937499,2.6187961e+18,0.033937499,2.6103876e+18,0.033937499,2.5996458e+18,0.033937499,2.5862083e+18,0.033937499,2.5698603e+18,0.033937499,2.5505231e+18,0.033937499,2.5283088e+18,0.033937499,2.5033396e+18,0.033937499,2.4761438e+18,0.033937499,2.4486344e+18,0.033937499,2.4207564e+18,0.033937499,2.3931465e+18,0.033937499,2.3683813e+18,0.033937499,2.3459568e+18,0.033937499,2.326541e+18,0.033937499,2.3104328e+18,0.033937499,2.2976152e+18,0.033937499,2.2878207e+18,0.033937499,2.2806038e+18,0.033937499,2.2754061e+18,0.033937499,2.271595e+18
0.034125,2.7434773e+18,0.034125,2.743462e+18,0.034125,2.7434757e+18,0.034125,2.7434771e+18,0.034125,2.7434772e+18,0.034125,2.7434773e+18,0.034125,2.7434773e+18,0.034125,2.7434773e+18,0.034125,2.7434773e+18,0.034125,2.7433408e+18,0.034125,2.7434474e+18,0.034125,2.7432223e+18,0.034125,2.743017e+18,0.034125,2.7434057e+18,0.034125,2.7426838e+18,0.034125,2.7421623e+18,0.034125,2.7413456e+18,0.034125,2.7401074e+18,0.034125,2.7383528e+18,0.034125,2.7359088e+18,0.034125,2.732481e+18,0.034125,2.7278506e+18,0.034125,2.721721e+18,0.034125,2.7136743e+18,0.034125,2.7034362e+18,0.034125,2.6906462e+18,0.034125,2.6750811e+18,0.034125,2.6566277e+18,0.034125,2.635142e+18,0.034125,2.6108058e+18,0.034125,2.5850276e+18,0.034125,2.5575936e+18,0.034125,2.5288992e+18,0.034125,2.5014941e+18,0.034125,2.4751865e+18,0.034125,2.45096e+18,0.034125,2.4294589e+18,0.034125,2.4110714e+18,0.034125,2.3959346e+18,0.034125,2.3839454e+18,0.034125,2.3748036e+18,0.034125,2.3680683e+18
0.034312502,2.8613633e+18,0.034312502,2.8613535e+18,0.034312502,2.8613623e+18,0.034312502,2.8613632e+18,0.034312502,2.8613632e+18,0.034312502,2.8613633e+18,0.034312502,2.8613633e+18,0.034312502,2.8613633e+18,0.034312502,2.8613633e+18,0.034312502,2.8612753e+18,0.034312502,2.8613441e+18,0.034312502,2.8611976e+18,0.034312502,2.8610592e+18,0.034312502,2.8613172e+18,0.034312502,2.8608286e+18,0.034312502,2.8604691e+18,0.034312502,2.8599167e+18,0.034312502,2.8590573e+18,0.034312502,2.8577838e+18,0.034312502,2.8560257e+18,0.034312502,2.8535982e+18,0.034312502,2.8502107e+18,0.034312502,2.84569e+18,0.034312502,2.8397483e+18,0.034312502,2.8319661e+18,0.034312502,2.8221171e+18,0.034312502,2.8098473e+18,0.034312502,2.7949139e+18,0.034312502,2.7770544e+18,0.034312502,2.7561596e+18,0.034312502,2.7332077e+18,0.034312502,2.7078243e+18,0.034312502,2.6801253e+18,0.034312502,2.6522506e+18,0.034312502,2.6240128e+18,0.034312502,2.5965324e+18,0.034312502,2.5707466e+18,0.034312502,2.5473318e+18,0.034312502,2.5267576e+18,0.034312502,2.5092983e+18,0.034312502,2.4950059e+18,0.034312502,2.4837246e+18
0.034499999,2.9952773e+18,0.034499999,2.9952708e+18,0.034499999,2.9952766e+18,0.034499999,2.9952772e+18,0.034499999,2.9952772e+18,0.034499999,2.9952772e+18,0.034499999,2.9952773e+18,0.034499999,2.9952773e+18,0.034499999,2.9952773e+18,0.034499999,2.9952193e+18,0.034499999,2.9952646e+18,0.034499999,2.9951679e+18,0.034499999,2.9950742e+18,0.034499999,2.9952469e+18,0.034499999,2.9949124e+18,0.034499999,2.994655e+18,0.034499999,2.9942684e+18,0.034499999,2.993679e+18,0.034499999,2.9927677e+18,0.034499999,2.9914538e+18,0.034499999,2.9896846e+18,0.034499999,2.9872512e+18,0.034499999,2.9838709e+18,0.034499999,2.9794169e+18,0.034499999,2.9736018e+18,0.034499999,2.9660043e+18,0.034499999,2.956454e+18,0.034499999,2.9445952e+18,0.034499999,2.9300504e+18,0.034499999,2.912653e+18,0.034499999,2.8929224e+18,0.034499999,2.8704419e+18,0.034499999,2.8450611e+18,0.034499999,2.8184679e+18,0.034499999,2.7903387e+18,0.034499999,2.7615814e+18,0.034499999,2.7331557e+18,0.034499999,2.7059847e+18,0.034499999,2.6808036e+18,0.034499999,2.6581508e+18,0.034499999,2.6384065e+18,0.034499999,2.6217597e+18
0.0346875,3.146346e+18,0.0346875,3.1463416e+18,0.0346875,3.1463455e+18,0.0346875,3.1463459e+18,0.0346875,3.146346e+18,0.0346875,3.146346e+18,0.0346875,3.146346e+18,0.0346875,3.146346e+18,0.0346875,3.146346e+18,0.0346875,3.1463069e+18,0.0346875,3.1463374e+18,0.0346875,3.1462724e+18,0.0346875,3.1462088e+18,0.0346875,3.1463254e+18,0.0346875,3.1460952e+18,0.0346875,3.1459072e+18,0.0346875,3.1456229e+18,0.0346875,3.1452078e+18,0.0346875,3.1445726e+18,0.0346875,3.1436008e+18,0.0346875,3.1422435e+18,0.0346875,3.1404544e+18,0.0346875,3.1379913e+18,0.0346875,3.1345857e+18,0.0346875,3.1301604e+18,0.0346875,3.1244214e+18,0.0346875,3.1169449e+18,0.0346875,3.1076143e+18,0.0346875,3.095988e+18,0.0346875,3.0817068e+18,0.0346875,3.0652192e+18,0.0346875,3.0458842e+18,0.0346875,3.0234888e+18,0.0346875,2.9992266e+18,0.0346875,2.9726924e+18,0.0346875,2.9445005e+18,0.0346875,2.9153773e+18,0.0346875,2.886157e+18,0.0346875,2.8577354e+18,0.0346875,2.8309114e+18,0.0346875,2.8062878e+18,0.0346875,2.7843184e+18
0.034875002,3.3161335e+18,0.034875002,3.3161305e+18,0.034875002,3.3161332e+18,0.034875002,3.3161335e+18,0.034875002,3.3161335e+18,0.034875002,3.3161335e+18,0.034875002,3.3161335e+18,0.034875002,3.3161335e+18,0.034875002,3.3161335e+18,0.034875002,3.3161064e+18,0.034875002,3.3161275e+18,0.034875002,3.316083e+18,0.034875002,3.3160395e+18,0.034875002,3.3161192e+18,0.034875002,3.3159601e+18,0.034875002,3.3158227e+18,0.034875002,3.3156068e+18,0.034875002,3.3152966e+18,0.034875002,3.3148492e+18,0.034875002,3.3141576e+18,0.034875002,3.313118e+18,0.034875002,3.3117151e+18,0.034875002,3.3098952e+18,0.034875002,3.3073754e+18,0.034875002,3.3039138e+18,0.034875002,3.2994869e+18,0.034875002,3.2937843e+18,0.034875002,3.2863711e+18,0.034875002,3.2771211e+18,0.034875002,3.2656399e+18,0.034875002,3.2519725e+18,0.034875002,3.235765e+18,0.034875002,3.2164743e+18,0.034875002,3.1950625e+18,0.034875002,3.1709693e+18,0.034875002,3.1445864e+18,0.034875002,3.1163835e+18,0.034875002,3.0869612e+18,0.034875002,3.0570464e+18,0.034875002,3.0274853e+18,0.034875002,2.9991178e+18,0.034875002,2.9726164e+18
0.035062499,3.5066821e+18,0.035062499,3.5066799e+18,0.035062499,3.5066819e+18,0.035062499,3.5066821e+18,0.035062499,3.5066821e+18,0.035062499,3.5066821e+18,0.035062499,3.5066821e+18,0.035062499,3.5066821e+18,0.035062499,3.5066821e+18,0.035062499,3.5066629e+18,0.035062499,3.5066778e+18,0.035062499,3.5066465e+18,0.035062499,3.5066166e+18,0.035062499,3.5066719e+18,0.035062499,3.5065612e+18,0.035062499,3.5064618e+18,0.035062499,3.5062971e+18,0.035062499,3.5060534e+18,0.035062499,3.5057182e+18,0.035062499,3.5052315e+18,0.035062499,3.5044717e+18,0.035062499,3.503358e+18,0.035062499,3.5019072e+18,0.035062499,3.5000421e+18,0.035062499,3.4974368e+18,0.035062499,3.4938936e+18,0.035062499,3.4894431e+18,0.035062499,3.4837404e+18,0.035062499,3.4762801e+18,0.035062499,3.4670441e+18,0.035062499,3.455985e+18,0.035062499,3.4424342e+18,0.035062499,3.4262119e+18,0.035062499,3.4076953e+18,0.035062499,3.3864246e+18,0.035062499,3.3625376e+18,0.035062499,3.3362867e+18,0.035062499,3.3080573e+18,0.035062499,3.2783486e+18,0.035062499,3.247801e+18,0.035062499,3.2171889e+18,0.035062499,3.1873562e+18
0.035250001,3.7205775e+18,0.035250001,3.720576e+18,0.035250001,3.7205774e+18,0.035250001,3.7205775e+18,0.035250001,3.7205775e+18,0.035250001,3.7205775e+18,0.035250001,3.7205775e+18,0.035250001,3.7205775e+18,0.035250001,3.7205775e+18,0.035250001,3.7205635e+18,0.035250001,3.7205744e+18,0.035250001,3.7205518e+18,0.035250001,3.7205309e+18,0.035250001,3.7205701e+18,0.035250001,3.7204923e+18,0.035250001,3.7204211e+18,0.035250001,3.7202973e+18,0.035250001,3.720103e+18,0.035250001,3.7198331e+18,0.035250001,3.7194723e+18,0.035250001,3.7189357e+18,0.035250001,3.7180952e+18,0.035250001,3.7169023e+18,0.035250001,3.7154005e+18,0.035250001,3.7134721e+18,0.035250001,3.7107538e+18,0.035250001,3.7071096e+18,0.035250001,3.7026159e+18,0.035250001,3.6968403e+18,0.035250001,3.6892614e+18,0.035250001,3.6802645e+18,0.035250001,3.6692478e+18,0.035250001,3.6555518e+18,0.035250001,3.6398925e+18,0.035250001,3.6214661e+18,0.035250001,3.60033e+18,0.035250001,3.5766039e+18,0.035250001,3.5504151e+18,0.035250001,3.522107e+18,0.035250001,3.4920908e+18,0.035250001,3.460935e+18,0.035250001,3.4293329e+18
0.035437498,3.9610436e+18,0.035437498,3.9610424e+18,0.035437498,3.9610435e+18,0.035437498,3.9610436e+18,0.035437498,3.9610436e+18,0.035437498,3.9610436e+18,0.035437498,3.9610436e+18,0.035437498,3.9610436e+18,0.035437498,3.9610436e+18,0.035437498,3.9610331e+18,0.035437498,3.9610413e+18,0.035437498,3.9610244e+18,0.035437498,3.9610094e+18,0.035437498,3.961038e+18,0.035437498,3.9609823e+18,0.035437498,3.9609319e+18,0.035437498,3.9608406e+18,0.035437498,3.960688e+18,0.035437498,3.9604634e+18,0.035437498,3.9601703e+18,0.035437498,3.9597799e+18,0.035437498,3.9591793e+18,0.035437498,3.9582454e+18,0.035437498,3.9569688e+18,0.035437498,3.9554122e+18,0.035437498,3.9534008e+18,0.035437498,3.9505447e+18,0.035437498,3.9467821e+18,0.035437498,3.9421919e+18,0.035437498,3.9363046e+18,0.035437498,3.928791e+18,0.035437498,3.9197136e+18,0.035437498,3.9085541e+18,0.035437498,3.8951839e+18,0.035437498,3.8794885e+18,0.035437498,3.8611454e+18,0.035437498,3.8400687e+18,0.035437498,3.8164208e+18,0.035437498,3.7902011e+18,0.035437498,3.7617413e+18,0.035437498,3.731369e+18,0.035437498,3.6995949e+18
0.035625,4.2320721e+18,0.035625,4.2320712e+18,0.035625,4.232072e+18,0.035625,4.2320721e+18,0.035625,4.2320721e+18,0.035625,4.2320721e+18,0.035625,4.2320721e+18,0.035625,4.2320721e+18,0.035625,4.2320721e+18,0.035625,4.232064e+18,0.035625,4.2320703e+18,0.035625,4.2320574e+18,0.035625,4.2320463e+18,0.035625,4.2320678e+18,0.035625,4.232027e+18,0.035625,4.2319914e+18,0.035625,4.2319252e+18,0.035625,4.2318086e+18,0.035625,4.2316237e+18,0.035625,4.2313706e+18,0.035625,4.2310568e+18,0.035625,4.2306279e+18,0.035625,4.2299466e+18,0.035625,4.2289063e+18,0.035625,4.2275435e+18,0.035625,4.2259289e+18,0.035625,4.2238135e+18,0.035625,4.2207951e+18,0.035625,4.2168626e+18,0.035625,4.2121642e+18,0.035625,4.2062849e+18,0.035625,4.1985999e+18,0.035625,4.1892754e+18,0.035625,4.178348e+18,0.035625,4.1648426e+18,0.035625,4.1490832e+18,0.035625,4.1307702e+18,0.035625,4.1096521e+18,0.035625,4.0859755e+18,0.035625,4.0596281e+18,0.035625,4.0309215e+18,0.035625,4.0001242e+18
0.035812501,4.5385986e+18,0.035812501,4.5385979e+18,0.035812501,4.5385986e+18,0.035812501,4.5385986e+18,0.035812501,4.5385986e+18,0.035812501,4.5385986e+18,0.035812501,4.5385986e+18,0.035812501,4.5385986e+18,0.035812501,4.5385986e+18,0.035812501,4.5385923e+18,0.035812501,4.5385972e+18,0.035812501,4.5385871e+18,0.035812501,4.5385785e+18,0.035812501,4.5385953e+18,0.035812501,4.5385645e+18,0.035812501,4.5385393e+18,0.035812501,4.538492e+18,0.035812501,4.5384052e+18,0.035812501,4.5382581e+18,0.035812501,4.538039e+18,0.035812501,4.537761e+18,0.035812501,4.5374262e+18,0.035812501,4.5369448e+18,0.035812501,4.536164e+18,0.035812501,4.5350052e+18,0.035812501,4.5335579e+18,0.035812501,4.5318814e+18,0.035812501,4.529638e+18,0.035812501,4.5264086e+18,0.035812501,4.5222766e+18,0.035812501,4.5175886e+18,0.035812501,4.5115399e+18,0.035812501,4.5035204e+18,0.035812501,4.4942718e+18,0.035812501,4.4832013e+18,0.035812501,4.4695361e+18,0.035812501,4.4536346e+18,0.035812501,4.4352771e+18,0.035812501,4.4140093e+18,0.035812501,4.3901806e+18,0.035812501,4.3636079e+18,0.035812501,4.3345374e+18
0.035999998,4.8867561e+18,0.035999998,4.8867555e+18,0.035999998,4.886756e+18,0.035999998,4.8867561e+18,0.035999998,4.8867561e+18,0.035999998,4.8867561e+18,0.035999998,4.8867561e+18,0.035999998,4.8867561e+18,0.035999998,4.8867561e+18,0.035999998,4.886751e+18,0.035999998,4.886755e+18,0.035999998,4.8867468e+18,0.035999998,4.88674e+18,0.035999998,4.8867534e+18,0.035999998,4.8867293e+18,0.035999998,4.8867113e+18,0.035999998,4.8866778e+18,0.035999998,4.8866147e+18,0.035999998,4.8865018e+18,0.035999998,4.8863191e+18,0.035999998,4.8860662e+18,0.035999998,4.885768e+18,0.035999998,4.885407e+18,0.035999998,4.8848547e+18,0.035999998,4.8839542e+18,0.035999998,4.8826685e+18,0.035999998,4.8811426e+18,0.035999998,4.8793965e+18,0.035999998,4.8769846e+18,0.035999998,4.8734971e+18,0.035999998,4.8692928e+18,0.035999998,4.8644507e+18,0.035999998,4.858134e+18,0.035999998,4.8500307e+18,0.035999998,4.8405115e+18,0.035999998,4.8292889e+18,0.035999998,4.8154117e+18,0.035999998,4.7992644e+18,0.035999998,4.7807719e+18,0.035999998,4.7592528e+18,0.035999998,4.7351281e+18,0.035999998,4.7082312e+18
0.0361875,5.2851925e+18,0.0361875,5.2851921e+18,0.0361875,5.2851925e+18,0.0361875,5.2851925e+18,0.0361875,5.2851925e+18,0.0361875,5.2851925e+18,0.0361875,5.2851925e+18,0.0361875,5.2851925e+18,0.0361875,5.2851925e+18,0.0361875,5.2851884e+18,0.0361875,5.2851916e+18,0.0361875,5.2851849e+18,0.0361875,5.2851793e+18,0.0361875,5.2851904e+18,0.0361875,5.2851707e+18,0.0361875,5.2851574e+18,0.0361875,5.2851337e+18,0.0361875,5.2850887e+18,0.0361875,5.285005e+18,0.0361875,5.2848598e+18,0.0361875,5.2846375e+18,0.0361875,5.2843536e+18,0.0361875,5.2840385e+18,0.0361875,5.28364e+18,0.0361875,5.2829947e+18,0.0361875,5.2819553e+18,0.0361875,5.2805394e+18,0.0361875,5.2789413e+18,0.0361875,5.2771002e+18,0.0361875,5.2744822e+18,0.0361875,5.2708128e+18,0.0361875,5.2663946e+18,0.0361875,5.2613305e+18,0.0361875,5.2549141e+18,0.0361875,5.2464688e+18,0.0361875,5.2366544e+18,0.0361875,5.2252423e+18,0.0361875,5.2110886e+18,0.0361875,5.194571e+18,0.0361875,5.1758382e+18,0.0361875,5.1539702e+18,0.0361875,5.1293816e+18
0.036375001,5.7971746e+18,0.036375001,5.7971743e+18,0.036375001,5.7971746e+18,0.036375001,5.7971746e+18,0.036375001,5.7971746e+18,0.036375001,5.7971746e+18,0.036375001,5.7971746e+18,0.036375001,5.7971746e+18,0.036375001,5.7971746e+18,0.036375001,5.7971713e+18,0.036375001,5.7971739e+18,0.036375001,5.7971683e+18,0.036375001,5.7971635e+18,0.036375001,5.7971729e+18,0.036375001,5.7971563e+18,0.036375001,5.797146e+18,0.036375001,5.797129e+18,0.036375001,5.7970971e+18,0.036375001,5.7970363e+18,0.036375001,5.7969255e+18,0.036375001,5.7967404e+18,0.036375001,5.7964748e+18,0.036375001,5.7961626e+18,0.036375001,5.7958278e+18,0.036375001,5.795371e+18,0.036375001,5.794603e+18,0.036375001,5.7933975e+18,0.036375001,5.7918372e+18,0.036375001,5.7901379e+18,0.036375001,5.7881749e+18,0.036375001,5.7853432e+18,0.036375001,5.7813538e+18,0.036375001,5.7765805e+18,0.036375001,5.7714211e+18,0.036375001,5.7646553e+18,0.036375001,5.7557462e+18,0.036375001,5.7454808e+18,0.036375001,5.7337171e+18,0.036375001,5.7190841e+18,0.036375001,5.7019051e+18,0.036375001,5.6826286e+18,0.036375001,5.6601162e+18
0.036562499,8.992893e+18,0.036562499,8.9928927e+18,0.036562499,8.992893e+18,0.036562499,8.992893e+18,0.036562499,8.992893e+18,0.036562499,8.992893e+18,0.036562499,8.992893e+18,0.036562499,8.992893e+18,0.036562499,8.992893e+18,0.036562499,8.9928901e+18,0.036562499,8.9928924e+18,0.036562499,8.9928875e+18,0.036562499,8.992883e+18,0.036562499,8.9928915e+18,0.036562499,8.9928761e+18,0.036562499,8.9928663e+18,0.036562499,8.9928512e+18,0.036562499,8.9928241e+18,0.036562499,8.9927718e+18,0.036562499,8.9926727e+18,0.036562499,8.9924957e+18,0.036562499,8.9922114e+18,0.036562499,8.9918268e+18,0.036562499,8.9913979e+18,0.036562499,8.9909114e+18,0.036562499,8.9901642e+18,0.036562499,8.9888846e+18,0.036562499,8.9869412e+18,0.036562499,8.9845254e+18,0.036562499,8.9820106e+18,0.036562499,8.9790952e+18,0.036562499,8.9746994e+18,0.036562499,8.9684828e+18,0.036562499,8.9615247e+18,0.036562499,8.9538483e+18,0.036562499,8.9438053e+18,0.036562499,8.9305253e+18,0.036562499,8.915315e+18,0.036562499,8.898165e+18,0.036562499,8.8768049e+18,0.036562499,8.8514865e+18,0.036562499,8.8233696e+18
0.03675,3.7586118e+19,0.03675,3.7586118e+19,0.03675,3.7586118e+19,0.03675,3.7586118e+19,0.03675,3.7586118e+19,0.03675,3.7586118e+19,0.03675,3.7586118e+19,0.03675,3.7586118e+19,0.03675,3.7586118e+19,0.03675,3.7586114e+19,0.03675,3.7586117e+19,0.03675,3.758611e+19,0.03675,3.7586102e+19,0.03675,3.7586116e+19,0.03675,3.7586089e+19,0.03675,3.7586066e+19,0.03675,3.7586028e+19,0.03675,3.7585956e+19,0.03675,3.7585818e+19,0.03675,3.7585548e+19,0.03675,3.7585044e+19,0.03675,3.7584166e+19,0.03675,3.7582817e+19,0.03675,3.7581122e+19,0.03675,3.7579362e+19,0.03675,3.7577303e+19,0.03675,3.7573942e+19,0.03675,3.7568219e+19,0.03675,3.755974e+19,0.03675,3.7549658e+19,0.03675,3.7539958e+19,0.03675,3.7527987e+19,0.03675,3.7509558e+19,0.03675,3.7484525e+19,0.03675,3.7456281e+19,0.03675,3.7425788e+19,0.03675,3.7385945e+19,0.03675,3.7332791e+19,0.03675,3.7271962e+19,0.03675,3.7204698e+19,0.03675,3.7121144e+19,0.03675,3.7020644e+19
0.036937501,4.0760787e+19,0.036937501,4.0760787e+19,0.036937501,4.0760787e+19,0.036937501,4.0760787e+19,0.036937501,4.0760787e+19,0.036937501,4.0760787e+19,0.036937501,4.0760787e+19,0.036937501,4.0760787e+19,0.036937501,4.0760787e+19,0.036937501,4.076078e+19,0.036937501,4.0760786e+19,0.036937501,4.0760773e+19,0.036937501,4.0760761e+19,0.036937501,4.0760784e+19,0.036937501,4.0760739e+19,0.036937501,4.0760706e+19,0.036937501,4.076066e+19,0.036937501,4.0760599e+19,0.036937501,4.0760497e+19,0.036937501,4.0760302e+19,0.036937501,4.0759924e+19,0.036937501,4.0759217e+19,0.036937501,4.075799e+19,0.036937501,4.075614e+19,0.036937501,4.0753925e+19,0.036937501,4.0751835e+19,0.036937501,4.0749607e+19,0.036937501,4.0746037e+19,0.036937501,4.0739914e+19,0.036937501,4.0730744e+19,0.036937501,4.072034e+19,0.036937501,4.0710194e+19,0.036937501,4.069808e+19,0.036937501,4.067976e+19,0.036937501,4.0653888e+19,0.036937501,4.0624326e+19,0.036937501,4.0593459e+19,0.036937501,4.0554434e+19,0.036937501,4.0501066e+19,0.036937501,4.0438271e+19,0.036937501,4.0370648e+19,0.036937501,4.0288755e+19
0.037124999,4.0761187e+19,0.037124999,4.0761187e+19,0.037124999,4.0761187e+19,0.037124999,4.0761187e+19,0.037124999,4.0761187e+19,0.037124999,4.0761187e+19,0.037124999,4.0761187e+19,0.037124999,4.0761187e+19,0.037124999,4.0761187e+19,0.037124999,4.0761183e+19,0.037124999,4.0761187e+19,0.037124999,4.0761179e+19,0.037124999,4.0761172e+19,0.037124999,4.0761185e+19,0.037124999,4.0761157e+19,0.037124999,4.0761133e+19,0.037124999,4.0761094e+19,0.037124999,4.0761043e+19,0.037124999,4.0760981e+19,0.037124999,4.0760888e+19,0.037124999,4.0760715e+19,0.037124999,4.0760378e+19,0.037124999,4.0759735e+19,0.037124999,4.0758591e+19,0.037124999,4.0756802e+19,0.037124999,4.075458e+19,0.037124999,4.0752483e+19,0.037124999,4.0750442e+19,0.037124999,4.0747342e+19,0.037124999,4.07419e+19,0.037124999,4.0733603e+19,0.037124999,4.0723436e+19,0.037124999,4.0713344e+19,0.037124999,4.0702916e+19,0.037124999,4.0687248e+19,0.037124999,4.0663947e+19,0.037124999,4.0635627e+19,0.037124999,4.0606587e+19,0.037124999,4.0573012e+19,0.037124999,4.0526409e+19,0.037124999,4.0467668e+19,0.037124999,4.0404437e+19
0.0373125,4.0761386e+19,0.0373125,4.0761386e+19,0.0373125,4.0761386e+19,0.0373125,4.0761386e+19,0.0373125,4.0761386e+19,0.0373125,4.0761386e+19,0.0373125,4.0761386e+19,0.0373125,4.0761386e+19,0.0373125,4.0761386e+19,0.0373125,4.0761385e+19,0.0373125,4.0761386e+19,0.0373125,4.0761383e+19,0.0373125,4.076138e+19,0.0373125,4.0761386e+19,0.0373125,4.0761374e+19,0.0373125,4.0761363e+19,0.0373125,4.0761342e+19,0.0373125,4.0761308e+19,0.0373125,4.0761259e+19,0.0373125,4.0761198e+19,0.0373125,4.0761121e+19,0.0373125,4.0760989e+19,0.0373125,4.0760732e+19,0.0373125,4.0760229e+19,0.0373125,4.0759292e+19,0.0373125,4.0757719e+19,0.0373125,4.0755564e+19,0.0373125,4.0753353e+19,0.0373125,4.0751403e+19,0.0373125,4.074898e+19,0.0373125,4.0744767e+19,0.0373125,4.0737804e+19,0.0373125,4.0728115e+19,0.0373125,4.0718202e+19,0.0373125,4.0708759e+19,0.0373125,4.0696499e+19,0.0373125,4.0677403e+19,0.0373125,4.0651454e+19,0.0373125,4.0623209e+19,0.0373125,4.0594212e+19,0.0373125,4.0556691e+19,0.0373125,4.0505082e+19
0.037406251,4.0761517e+19,0.037406251,4.0761517e+19,0.037406251,4.0761517e+19,0.037406251,4.0761517e+19,0.037406251,4.0761517e+19,0.037406251,4.0761517e+19,0.037406251,4.0761517e+19,0.037406251,4.0761517e+19,0.037406251,4.0761517e+19,0.037406251,4.0761517e+19,0.037406251,4.0761517e+19,0.037406251,4.0761516e+19,0.037406251,4.0761514e+19,0.037406251,4.0761517e+19,0.037406251,4.076151e+19,0.037406251,4.0761504e+19,0.037406251,4.076149e+19,0.037406251,4.0761467e+19,0.037406251,4.0761428e+19,0.037406251,4.0761374e+19,0.037406251,4.0761308e+19,0.037406251,4.0761222e+19,0.037406251,4.0761071e+19,0.037406251,4.0760773e+19,0.037406251,4.0760188e+19,0.037406251,4.0759111e+19,0.037406251,4.0757368e+19,0.037406251,4.0755121e+19,0.037406251,4.0752934e+19,0.037406251,4.075101e+19,0.037406251,4.0748361e+19,0.037406251,4.0743673e+19,0.037406251,4.0736059e+19,0.037406251,4.0726328e+19,0.037406251,4.0716563e+19,0.037406251,4.070707e+19,0.037406251,4.0693965e+19,0.037406251,4.0673699e+19,0.037406251,4.0647161e+19,0.037406251,4.0619236e+19,0.037406251,4.0590012e+19,0.037406251,4.0550938e+19
0.037453126,4.0761592e+19,0.037453126,4.0761592e+19,0.037453126,4.0761592e+19,0.037453126,4.0761592e+19,0.037453126,4.0761592e+19,0.037453126,4.0761592e+19,0.037453126,4.0761592e+19,0.037453126,4.0761592e+19,0.037453126,4.0761592e+19,0.037453126,4.0761591e+19,0.037453126,4.0761592e+19,0.037453126,4.0761591e+19,0.037453126,4.0761589e+19,0.037453126,4.0761592e+19,0.037453126,4.0761587e+19,0.037453126,4.0761581e+19,0.037453126,4.0761571e+19,0.037453126,4.0761552e+19,0.037453126,4.076152e+19,0.037453126,4.0761471e+19,0.037453126,4.0761408e+19,0.037453126,4.0761332e+19,0.037453126,4.0761215e+19,0.037453126,4.076099e+19,0.037453126,4.0760543e+19,0.037453126,4.075969e+19,0.037453126,4.075822e+19,0.037453126,4.0756114e+19,0.037453126,4.0753802e+19,0.037453126,4.0751825e+19,0.037453126,4.0749675e+19,0.037453126,4.0745982e+19,0.037453126,4.0739641e+19,0.037453126,4.0730646e+19,0.037453126,4.0720634e+19,0.037453126,4.0711347e+19,0.037453126,4.0700449e+19,0.037453126,4.068355e+19,0.037453126,4.0659345e+19,0.037453126,4.0631555e+19,0.037453126,4.0603783e+19,0.037453126,4.0570403e+19
0.037476562,4.0761632e+19,0.037476562,4.0761632e+19,0.037476562,4.0761632e+19,0.037476562,4.0761632e+19,0.037476562,4.0761632e+19,0.037476562,4.0761632e+19,0.037476562,4.0761632e+19,0.037476562,4.0761632e+19,0.037476562,4.0761632e+19,0.037476562,4.0761631e+19,0.037476562,4.0761631e+19,0.037476562,4.076163e+19,0.037476562,4.0761629e+19,0.037476562,4.0761631e+19,0.037476562,4.0761627e+19,0.037476562,4.0761623e+19,0.037476562,4.0761614e+19,0.037476562,4.0761597e+19,0.037476562,4.0761568e+19,0.037476562,4.0761522e+19,0.037476562,4.076146e+19,0.037476562,4.0761387e+19,0.037476562,4.0761282e+19,0.037476562,4.0761088e+19,0.037476562,4.0760699e+19,0.037476562,4.0759948e+19,0.037476562,4.0758617e+19,0.037476562,4.0756618e+19,0.037476562,4.075428e+19,0.037476562,4.0752222e+19,0.037476562,4.0750233e+19,0.037476562,4.0746976e+19,0.037476562,4.0741271e+19,0.037476562,4.0732789e+19,0.037476562,4.0722782e+19,0.037476562,4.0713385e+19,0.037476562,4.070327e+19,0.037476562,4.0688003e+19,0.037476562,4.0665298e+19,0.037476562,4.0637858e+19,0.037476562,4.061027e+19,0.037476562,4.0579132e+19
0.037500001,4.0761673e+19,0.037500001,4.0761673e+19,0.037500001,4.0761673e+19,0.037500001,4.0761673e+19,0.037500001,4.0761673e+19,0.037500001,4.0761673e+19,0.037500001,4.0761673e+19,0.037500001,4.0761673e+19,0.037500001,4.0761673e+19,0.037500001,4.0761672e+19,0.037500001,4.0761673e+19,0.037500001,4.0761672e+19,0.037500001,4.0761671e+19,0.037500001,4.0761673e+19,0.037500001,4.0761669e+19,0.037500001,4.0761664e+19,0.037500001,4.0761656e+19,0.037500001,4.0761639e+19,0.037500001,4.0761611e+19,0.037500001,4.0761565e+19,0.037500001,4.0761504e+19,0.037500001,4.076143e+19,0.037500001,4.0761328e+19,0.037500001,4.0761141e+19,0.037500001,4.0760769e+19,0.037500001,4.0760045e+19,0.037500001,4.0758754e+19,0.037500001,4.0756787e+19,0.037500001,4.0754441e+19,0.037500001,4.0752351e+19,0.037500001,4.0750398e+19,0.037500001,4.0747264e+19,0.037500001,4.0741751e+19,0.037500001,4.0733441e+19,0.037500001,4.0723463e+19,0.037500001,4.0714024e+19,0.037500001,4.0704116e+19,0.037500001,4.068935e+19,0.037500001,4.0667161e+19,0.037500001,4.0639905e+19,0.037500001,4.0612362e+19,0.037500001,4.058188e+19
0.037500001,4.0761673e+19,0.037500001,4.0761673e+19,0.037500001,4.0761673e+19,0.037500001,4.0761673e+19,0.037500001,4.0761673e+19,0.037500001,4.0761673e+19,0.037500001,4.0761673e+19,0.037500001,4.0761673e+19,0.037500001,4.0761673e+19,0.037500001,4.0761672e+19,0.037500001,4.0761673e+19,0.037500001,4.0761672e+19,0.037500001,4.0761671e+19,0.037500001,4.0761673e+19,0.037500001,4.0761669e+19,0.037500001,4.0761664e+19,0.037500001,4.0761656e+19,0.037500001,4.0761639e+19,0.037500001,4.0761611e+19,0.037500001,4.0761565e+19,0.037500001,4.0761504e+19,0.037500001,4.076143e+19,0.037500001,4.0761328e+19,0.037500001,4.0761141e+19,0.037500001,4.0760769e+19,0.037500001,4.0760045e+19,0.037500001,4.0758754e+19,0.037500001,4.0756787e+19,0.037500001,4.0754441e+19,0.037500001,4.0752351e+19,0.037500001,4.0750398e+19,0.037500001,4.0747264e+19,0.037500001,4.0741751e+19,0.037500001,4.0733441e+19,0.037500001,4.0723463e+19,0.037500001,4.0714024e+19,0.037500001,4.0704116e+19,0.037500001,4.068935e+19,0.037500001,4.0667161e+19,0.037500001,4.0639905e+19,0.037500001,4.0612362e+19,0.037500001,4.058188e+19
0.037515625,7.0678783e+12,0.037515625,7.0678782e+12,0.037515625,7.0678783e+12,0.037515625,7.0678783e+12,0.037515625,7.0678783e+12,0.037515625,7.0678783e+12,0.037515625,7.0678783e+12,0.037515625,7.0678783e+12,0.037515625,7.0678783e+12,0.037515625,7.0678782e+12,0.037515625,7.0678782e+12,0.037515625,7.0678781e+12,0.037515625,7.0678779e+12,0.037515625,7.0678782e+12,0.037515625,7.0678775e+12,0.037515625,7.0678768e+12,0.037515625,7.0678753e+12,0.037515625,7.0678725e+12,0.037515625,7.0678676e+12,0.037515625,7.0678597e+12,0.037515625,7.0678491e+12,0.037515625,7.0678364e+12,0.037515625,7.0678188e+12,0.037515625,7.0677865e+12,0.037515625,7.0677223e+12,0.037515625,7.0675976e+12,0.037515625,7.0673746e+12,0.037515625,7.0670346e+12,0.037515625,7.066628e+12,0.037515625,7.0662651e+12,0.037515625,7.065927e+12,0.037515625,7.0653863e+12,0.037515625,7.0644345e+12,0.037515625,7.0629975e+12,0.037515625,7.061268e+12,0.037515625,7.0596299e+12,0.037515625,7.0579154e+12,0.037515625,7.0553648e+12,0.037515625,7.0515279e+12,0.037515625,7.0468053e+12,0.037515625,7.0420284e+12,0.037515625,7.0367532e+12
0.037531249,0,0.037531249,0,0.037531249,0,0.037531249,0,0.037531249,0,0.037531249,0,0.037531249,0,0.037531249,0,0.037531249,0,0.037531249,0,0.037531249,0,0.037531249,0,0.037531249,0,0.037531249,0,0.037531249,0,0.037531249,0,0.037531249,0,0.037531249,0,0.037531249,0,0.037531249,0,0.037531249,0,0.037531249,0,0.037531249,0,0.037531249,0,0.037531249,0,0.037531249,0,0.037531249,0,0.037531249,0,0.037531249,0,0.037531249,0,0.037531249,0,0.037531249,0,0.037531249,0,0.037531249,0,0.037531249,0,0.037531249,0,0.037531249,0,0.037531249,0,0.037531249,0,0.037531249,0,0.037531249,0,0.037531249,0
0.037562501,0,0.037562501,0,0.037562501,0,0.037562501,0,0.037562501,0,0.037562501,0,0.037562501,0,0.037562501,0,0.037562501,0,0.037562501,0,0.037562501,0,0.037562501,0,0.037562501,0,0.037562501,0,0.037562501,0,0.037562501,0,0.037562501,0,0.037562501,0,0.037562501,0,0.037562501,0,0.037562501,0,0.037562501,0,0.037562501,0,0.037562501,0,0.037562501,0,0.037562501,0,0.037562501,0,0.037562501,0,0.037562501,0,0.037562501,0,0.037562501,0,0.037562501,0,0.037562501,0,0.037562501,0,0.037562501,0,0.037562501,0,0.037562501,0,0.037562501,0,0.037562501,0,0.037562501,0,0.037562501,0,0.037562501,0
0.037625,0,0.037625,0,0.037625,0,0.037625,0,0.037625,0,0.037625,0,0.037625,0,0.037625,0,0.037625,0,0.037625,0,0.037625,0,0.037625,0,0.037625,0,0.037625,0,0.037625,0,0.037625,0,0.037625,0,0.037625,0,0.037625,0,0.037625,0,0.037625,0,0.037625,0,0.037625,0,0.037625,0,0.037625,0,0.037625,0,0.037625,0,0.037625,0,0.037625,0,0.037625,0,0.037625,0,0.037625,0,0.037625,0,0.037625,0,0.037625,0,0.037625,0,0.037625,0,0.037625,0,0.037625,0,0.037625,0,0.037625,0,0.037625,0
0.037749998,0,0.037749998,0,0.037749998,0,0.037749998,0,0.037749998,0,0.037749998,0,0.037749998,0,0.037749998,0,0.037749998,0,0.037749998,0,0.037749998,0,0.037749998,0,0.037749998,0,0.037749998,0,0.037749998,0,0.037749998,0,0.037749998,0,0.037749998,0,0.037749998,0,0.037749998,0,0.037749998,0,0.037749998,0,0.037749998,0,0.037749998,0,0.037749998,0,0.037749998,0,0.037749998,0,0.037749998,0,0.037749998,0,0.037749998,0,0.037749998,0,0.037749998,0,0.037749998,0,0.037749998,0,0.037749998,0,0.037749998,0,0.037749998,0,0.037749998,0,0.037749998,0,0.037749998,0,0.037749998,0,0.037749998,0
0.037999999,0,0.037999999,0,0.037999999,0,0.037999999,0,0.037999999,0,0.037999999,0,0.037999999,0,0.037999999,0,0.037999999,0,0.037999999,0,0.037999999,0,0.037999999,0,0.037999999,0,0.037999999,0,0.037999999,0,0.037999999,0,0.037999999,0,0.037999999,0,0.037999999,0,0.037999999,0,0.037999999,0,0.037999999,0,0.037999999,0,0.037999999,0,0.037999999,0,0.037999999,0,0.037999999,0,0.037999999,0,0.037999999,0,0.037999999,0,0.037999999,0,0.037999999,0,0.037999999,0,0.037999999,0,0.037999999,0,0.037999999,0,0.037999999,0,0.037999999,0,0.037999999,0,0.037999999,0,0.037999999,0,0.037999999,0
0.0385,0,0.0385,0,0.0385,0,0.0385,0,0.0385,0,0.0385,0,0.0385,0,0.0385,0,0.0385,0,0.0385,0,0.0385,0,0.0385,0,0.0385,0,0.0385,0,0.0385,0,0.0385,0,0.0385,0,0.0385,0,0.0385,0,0.0385,0,0.0385,0,0.0385,0,0.0385,0,0.0385,0,0.0385,0,0.0385,0,0.0385,0,0.0385,0,0.0385,0,0.0385,0,0.0385,0,0.0385,0,0.0385,0,0.0385,0,0.0385,0,0.0385,0,0.0385,0,0.0385,0,0.0385,0,0.0385,0,0.0385,0,0.0385,0
0.039000001,0,0.039000001,0,0.039000001,0,0.039000001,0,0.039000001,0,0.039000001,0,0.039000001,0,0.039000001,0,0.039000001,0,0.039000001,0,0.039000001,0,0.039000001,0,0.039000001,0,0.039000001,0,0.039000001,0,0.039000001,0,0.039000001,0,0.039000001,0,0.039000001,0,0.039000001,0,0.039000001,0,0.039000001,0,0.039000001,0,0.039000001,0,0.039000001,0,0.039000001,0,0.039000001,0,0.039000001,0,0.039000001,0,0.039000001,0,0.039000001,0,0.039000001,0,0.039000001,0,0.039000001,0,0.039000001,0,0.039000001,0,0.039000001,0,0.039000001,0,0.039000001,0,0.039000001,0,0.039000001,0,0.039000001,0
0.039500002,0,0.039500002,0,0.039500002,0,0.039500002,0,0.039500002,0,0.039500002,0,0.039500002,0,0.039500002,0,0.039500002,0,0.039500002,0,0.039500002,0,0.039500002,0,0.039500002,0,0.039500002,0,0.039500002,0,0.039500002,0,0.039500002,0,0.039500002,0,0.039500002,0,0.039500002,0,0.039500002,0,0.039500002,0,0.039500002,0,0.039500002,0,0.039500002,0,0.039500002,0,0.039500002,0,0.039500002,0,0.039500002,0,0.039500002,0,0.039500002,0,0.039500002,0,0.039500002,0,0.039500002,0,0.039500002,0,0.039500002,0,0.039500002,0,0.039500002,0,0.039500002,0,0.039500002,0,0.039500002,0,0.039500002,0
0.039999999,0,0.039999999,0,0.039999999,0,0.039999999,0,0.039999999,0,0.039999999,0,0.039999999,0,0.039999999,0,0.039999999,0,0.039999999,0,0.039999999,0,0.039999999,0,0.039999999,0,0.039999999,0,0.039999999,0,0.039999999,0,0.039999999,0,0.039999999,0,0.039999999,0,0.039999999,0,0.039999999,0,0.039999999,0,0.039999999,0,0.039999999,0,0.039999999,0,0.039999999,0,0.039999999,0,0.039999999,0,0.039999999,0,0.039999999,0,0.039999999,0,0.039999999,0,0.039999999,0,0.039999999,0,0.039999999,0,0.039999999,0,0.039999999,0,0.039999999,0,0.039999999,0,0.039999999,0,0.039999999,0,0.039999999,0
0.0405,0,0.0405,0,0.0405,0,0.0405,0,0.0405,0,0.0405,0,0.0405,0,0.0405,0,0.0405,0,0.0405,0,0.0405,0,0.0405,0,0.0405,0,0.0405,0,0.0405,0,0.0405,0,0.0405,0,0.0405,0,0.0405,0,0.0405,0,0.0405,0,0.0405,0,0.0405,0,0.0405,0,0.0405,0,0.0405,0,0.0405,0,0.0405,0,0.0405,0,0.0405,0,0.0405,0,0.0405,0,0.0405,0,0.0405,0,0.0405,0,0.0405,0,0.0405,0,0.0405,0,0.0405,0,0.0405,0,0.0405,0,0.0405,0
0.041000001,0,0.041000001,0,0.041000001,0,0.041000001,0,0.041000001,0,0.041000001,0,0.041000001,0,0.041000001,0,0.041000001,0,0.041000001,0,0.041000001,0,0.041000001,0,0.041000001,0,0.041000001,0,0.041000001,0,0.041000001,0,0.041000001,0,0.041000001,0,0.041000001,0,0.041000001,0,0.041000001,0,0.041000001,0,0.041000001,0,0.041000001,0,0.041000001,0,0.041000001,0,0.041000001,0,0.041000001,0,0.041000001,0,0.041000001,0,0.041000001,0,0.041000001,0,0.041000001,0,0.041000001,0,0.041000001,0,0.041000001,0,0.041000001,0,0.041000001,0,0.041000001,0,0.041000001,0,0.041000001,0,0.041000001,0
0.041499998,0,0.041499998,0,0.041499998,0,0.041499998,0,0.041499998,0,0.041499998,0,0.041499998,0,0.041499998,0,0.041499998,0,0.041499998,0,0.041499998,0,0.041499998,0,0.041499998,0,0.041499998,0,0.041499998,0,0.041499998,0,0.041499998,0,0.041499998,0,0.041499998,0,0.041499998,0,0.041499998,0,0.041499998,0,0.041499998,0,0.041499998,0,0.041499998,0,0.041499998,0,0.041499998,0,0.041499998,0,0.041499998,0,0.041499998,0,0.041499998,0,0.041499998,0,0.041499998,0,0.041499998,0,0.041499998,0,0.041499998,0,0.041499998,0,0.041499998,0,0.041499998,0,0.041499998,0,0.041499998,0,0.041499998,0
0.041999999,0,0.041999999,0,0.041999999,0,0.041999999,0,0.041999999,0,0.041999999,0,0.041999999,0,0.041999999,0,0.041999999,0,0.041999999,0,0.041999999,0,0.041999999,0,0.041999999,0,0.041999999,0,0.041999999,0,0.041999999,0,0.041999999,0,0.041999999,0,0.041999999,0,0.041999999,0,0.041999999,0,0.041999999,0,0.041999999,0,0.041999999,0,0.041999999,0,0.041999999,0,0.041999999,0,0.041999999,0,0.041999999,0,0.041999999,0,0.041999999,0,0.041999999,0,0.041999999,0,0.041999999,0,0.041999999,0,0.041999999,0,0.041999999,0,0.041999999,0,0.041999999,0,0.041999999,0,0.041999999,0,0.041999999,0
0.0425,0,0.0425,0,0.0425,0,0.0425,0,0.0425,0,0.0425,0,0.0425,0,0.0425,0,0.0425,0,0.0425,0,0.0425,0,0.0425,0,0.0425,0,0.0425,0,0.0425,0,0.0425,0,0.0425,0,0.0425,0,0.0425,0,0.0425,0,0.0425,0,0.0425,0,0.0425,0,0.0425,0,0.0425,0,0.0425,0,0.0425,0,0.0425,0,0.0425,0,0.0425,0,0.0425,0,0.0425,0,0.0425,0,0.0425,0,0.0425,0,0.0425,0,0.0425,0,0.0425,0,0.0425,0,0.0425,0,0.0425,0,0.0425,0
0.043000001,0,0.043000001,0,0.043000001,0,0.043000001,0,0.043000001,0,0.043000001,0,0.043000001,0,0.043000001,0,0.043000001,0,0.043000001,0,0.043000001,0,0.043000001,0,0.043000001,0,0.043000001,0,0.043000001,0,0.043000001,0,0.043000001,0,0.043000001,0,0.043000001,0,0.043000001,0,0.043000001,0,0.043000001,0,0.043000001,0,0.043000001,0,0.043000001,0,0.043000001,0,0.043000001,0,0.043000001,0,0.043000001,0,0.043000001,0,0.043000001,0,0.043000001,0,0.043000001,0,0.043000001,0,0.043000001,0,0.043000001,0,0.043000001,0,0.043000001,0,0.043000001,0,0.043000001,0,0.043000001,0,0.043000001,0
0.043499999,0,0.043499999,0,0.043499999,0,0.043499999,0,0.043499999,0,0.043499999,0,0.043499999,0,0.043499999,0,0.043499999,0,0.043499999,0,0.043499999,0,0.043499999,0,0.043499999,0,0.043499999,0,0.043499999,0,0.043499999,0,0.043499999,0,0.043499999,0,0.043499999,0,0.043499999,0,0.043499999,0,0.043499999,0,0.043499999,0,0.043499999,0,0.043499999,0,0.043499999,0,0.043499999,0,0.043499999,0,0.043499999,0,0.043499999,0,0.043499999,0,0.043499999,0,0.043499999,0,0.043499999,0,0.043499999,0,0.043499999,0,0.043499999,0,0.043499999,0,0.043499999,0,0.043499999,0,0.043499999,0,0.043499999,0
0.044,0,0.044,0,0.044,0,0.044,0,0.044,0,0.044,0,0.044,0,0.044,0,0.044,0,0.044,0,0.044,0,0.044,0,0.044,0,0.044,0,0.044,0,0.044,0,0.044,0,0.044,0,0.044,0,0.044,0,0.044,0,0.044,0,0.044,0,0.044,0,0.044,0,0.044,0,0.044,0,0.044,0,0.044,0,0.044,0,0.044,0,0.044,0,0.044,0,0.044,0,0.044,0,0.044,0,0.044,0,0.044,0,0.044,0,0.044,0,0.044,0,0.044,0
0.044500001,0,0.044500001,0,0.044500001,0,0.044500001,0,0.044500001,0,0.044500001,0,0.044500001,0,0.044500001,0,0.044500001,0,0.044500001,0,0.044500001,0,0.044500001,0,0.044500001,0,0.044500001,0,0.044500001,0,0.044500001,0,0.044500001,0,0.044500001,0,0.044500001,0,0.044500001,0,0.044500001,0,0.044500001,0,0.044500001,0,0.044500001,0,0.044500001,0,0.044500001,0,0.044500001,0,0.044500001,0,0.044500001,0,0.044500001,0,0.044500001,0,0.044500001,0,0.044500001,0,0.044500001,0,0.044500001,0,0.044500001,0,0.044500001,0,0.044500001,0,0.044500001,0,0.044500001,0,0.044500001,0,0.044500001,0
0.045000002,0,0.045000002,0,0.045000002,0,0.045000002,0,0.045000002,0,0.045000002,0,0.045000002,0,0.045000002,0,0.045000002,0,0.045000002,0,0.045000002,0,0.045000002,0,0.045000002,0,0.045000002,0,0.045000002,0,0.045000002,0,0.045000002,0,0.045000002,0,0.045000002,0,0.045000002,0,0.045000002,0,0.045000002,0,0.045000002,0,0.045000002,0,0.045000002,0,0.045000002,0,0.045000002,0,0.045000002,0,0.045000002,0,0.045000002,0,0.045000002,0,0.045000002,0,0.045000002,0,0.045000002,0,0.045000002,0,0.045000002,0,0.045000002,0,0.045000002,0,0.045000002,0,0.045000002,0,0.045000002,0,0.045000002,0
0.045499999,0,0.045499999,0,0.045499999,0,0.045499999,0,0.045499999,0,0.045499999,0,0.045499999,0,0.045499999,0,0.045499999,0,0.045499999,0,0.045499999,0,0.045499999,0,0.045499999,0,0.045499999,0,0.045499999,0,0.045499999,0,0.045499999,0,0.045499999,0,0.045499999,0,0.045499999,0,0.045499999,0,0.045499999,0,0.045499999,0,0.045499999,0,0.045499999,0,0.045499999,0,0.045499999,0,0.045499999,0,0.045499999,0,0.045499999,0,0.045499999,0,0.045499999,0,0.045499999,0,0.045499999,0,0.045499999,0,0.045499999,0,0.045499999,0,0.045499999,0,0.045499999,0,0.045499999,0,0.045499999,0,0.045499999,0
0.045499999,0,0.045499999,0,0.045499999,0,0.045499999,0,0.045499999,0,0.045499999,0,0.045499999,0,0.045499999,0,0.045499999,0,0.045499999,0,0.045499999,0,0.045499999,0,0.045499999,0,0.045499999,0,0.045499999,0,0.045499999,0,0.045499999,0,0.045499999,0,0.045499999,0,0.045499999,0,0.045499999,0,0.045499999,0,0.045499999,0,0.045499999,0,0.045499999,0,0.045499999,0,0.045499999,0,0.045499999,0,0.045499999,0,0.045499999,0,0.045499999,0,0.045499999,0,0.045499999,0,0.045499999,0,0.045499999,0,0.045499999,0,0.045499999,0,0.045499999,0,0.045499999,0,0.045499999,0,0.045499999,0,0.045499999,0
0.046437498,0,0.046437498,0,0.046437498,0,0.046437498,0,0.046437498,0,0.046437498,0,0.046437498,0,0.046437498,0,0.046437498,0,0.046437498,0,0.046437498,0,0.046437498,0,0.046437498,0,0.046437498,0,0.046437498,0,0.046437498,0,0.046437498,0,0.046437498,0,0.046437498,0,0.046437498,0,0.046437498,0,0.046437498,0,0.046437498,0,0.046437498,0,0.046437498,0,0.046437498,0,0.046437498,0,0.046437498,0,0.046437498,0,0.046437498,0,0.046437498,0,0.046437498,0,0.046437498,0,0.046437498,0,0.046437498,0,0.046437498,0,0.046437498,0,0.046437498,0,0.046437498,0,0.046437498,0,0.046437498,0,0.046437498,0
0.047375001,0,0.047375001,0,0.047375001,0,0.047375001,0,0.047375001,0,0.047375001,0,0.047375001,0,0.047375001,0,0.047375001,0,0.047375001,0,0.047375001,0,0.047375001,0,0.047375001,0,0.047375001,0,0.047375001,0,0.047375001,0,0.047375001,0,0.047375001,0,0.047375001,0,0.047375001,0,0.047375001,0,0.047375001,0,0.047375001,0,0.047375001,0,0.047375001,0,0.047375001,0,0.047375001,0,0.047375001,0,0.047375001,0,0.047375001,0,0.047375001,0,0.047375001,0,0.047375001,0,0.047375001,0,0.047375001,0,0.047375001,0,0.047375001,0,0.047375001,0,0.047375001,0,0.047375001,0,0.047375001,0,0.047375001,0
0.049249999,0,0.049249999,0,0.049249999,0,0.049249999,0,0.049249999,0,0.049249999,0,0.049249999,0,0.049249999,0,0.049249999,0,0.049249999,0,0.049249999,0,0.049249999,0,0.049249999,0,0.049249999,0,0.049249999,0,0.049249999,0,0.049249999,0,0.049249999,0,0.049249999,0,0.049249999,0,0.049249999,0,0.049249999,0,0.049249999,0,0.049249999,0,0.049249999,0,0.049249999,0,0.049249999,0,0.049249999,0,0.049249999,0,0.049249999,0,0.049249999,0,0.049249999,0,0.049249999,0,0.049249999,0,0.049249999,0,0.049249999,0,0.049249999,0,0.049249999,0,0.049249999,0,0.049249999,0,0.049249999,0,0.049249999,0
0.052999999,0,0.052999999,0,0.052999999,0,0.052999999,0,0.052999999,0,0.052999999,0,0.052999999,0,0.052999999,0,0.052999999,0,0.052999999,0,0.052999999,0,0.052999999,0,0.052999999,0,0.052999999,0,0.052999999,0,0.052999999,0,0.052999999,0,0.052999999,0,0.052999999,0,0.052999999,0,0.052999999,0,0.052999999,0,0.052999999,0,0.052999999,0,0.052999999,0,0.052999999,0,0.052999999,0,0.052999999,0,0.052999999,0,0.052999999,0,0.052999999,0,0.052999999,0,0.052999999,0,0.052999999,0,0.052999999,0,0.052999999,0,0.052999999,0,0.052999999,0,0.052999999,0,0.052999999,0,0.052999999,0,0.052999999,0
0.0605,0,0.0605,0,0.0605,0,0.0605,0,0.0605,0,0.0605,0,0.0605,0,0.0605,0,0.0605,0,0.0605,0,0.0605,0,0.0605,0,0.0605,0,0.0605,0,0.0605,0,0.0605,0,0.0605,0,0.0605,0,0.0605,0,0.0605,0,0.0605,0,0.0605,0,0.0605,0,0.0605,0,0.0605,0,0.0605,0,0.0605,0,0.0605,0,0.0605,0,0.0605,0,0.0605,0,0.0605,0,0.0605,0,0.0605,0,0.0605,0,0.0605,0,0.0605,0,0.0605,0,0.0605,0,0.0605,0,0.0605,0,0.0605,0
0.068000004,0,0.068000004,0,0.068000004,0,0.068000004,0,0.068000004,0,0.068000004,0,0.068000004,0,0.068000004,0,0.068000004,0,0.068000004,0,0.068000004,0,0.068000004,0,0.068000004,0,0.068000004,0,0.068000004,0,0.068000004,0,0.068000004,0,0.068000004,0,0.068000004,0,0.068000004,0,0.068000004,0,0.068000004,0,0.068000004,0,0.068000004,0,0.068000004,0,0.068000004,0,0.068000004,0,0.068000004,0,0.068000004,0,0.068000004,0,0.068000004,0,0.068000004,0,0.068000004,0,0.068000004,0,0.068000004,0,0.068000004,0,0.068000004,0,0.068000004,0,0.068000004,0,0.068000004,0,0.068000004,0,0.068000004,0
0.075499997,0,0.075499997,0,0.075499997,0,0.075499997,0,0.075499997,0,0.075499997,0,0.075499997,0,0.075499997,0,0.075499997,0,0.075499997,0,0.075499997,0,0.075499997,0,0.075499997,0,0.075499997,0,0.075499997,0,0.075499997,0,0.075499997,0,0.075499997,0,0.075499997,0,0.075499997,0,0.075499997,0,0.075499997,0,0.075499997,0,0.075499997,0,0.075499997,0,0.075499997,0,0.075499997,0,0.075499997,0,0.075499997,0,0.075499997,0,0.075499997,0,0.075499997,0,0.075499997,0,0.075499997,0,0.075499997,0,0.075499997,0,0.075499997,0,0.075499997,0,0.075499997,0,0.075499997,0,0.075499997,0,0.075499997,0

